uniprot_id	n_sites	mean_d	permuted_d	p_value
A0A0A6YYL3	101	28.76	31.30	0.0010
A0AV02	1	0.00	0.00	0.0010
A0AVT1	16	24.90	40.74	0.0010
A0PJK1	2	15.63	15.23	0.5365
A0PJX0	2	2.96	13.10	0.0180
A0PJY2	7	23.46	25.83	0.2527
A0PK00	11	16.72	32.07	0.0010
A1A4Y4	1	0.00	0.00	0.0010
A1A5B4	15	23.67	37.69	0.0010
A1A5D9	2	36.39	57.94	0.3666
A1KZ92	9	21.40	27.61	0.0200
A1L0T0	1	0.00	0.00	0.0010
A1L167	76	17.58	19.28	0.0010
A1L188	30	12.82	14.96	0.0020
A2A288	14	16.69	24.93	0.0060
A2A2Y4	2	7.91	16.44	0.1688
A2A368	4	9.94	19.43	0.0150
A2A3L6	1	0.00	0.00	0.0010
A2CJ06	2	4.94	11.42	0.0749
A2PYH4	6	20.52	33.42	0.0070
A2RRD8	4	18.44	27.45	0.0619
A2RTX5	1	0.00	0.00	0.0010
A2VDF0	9	9.20	17.24	0.0010
A4D1F6	2	3.38	20.17	0.0110
A4FU01	10	19.60	32.22	0.0020
A4GXA9	3	6.79	26.18	0.0040
A5D8T8	74	18.07	23.47	0.0010
A6NCL7	52	17.37	23.17	0.0010
A6ND91	3	21.28	17.52	0.7652
A6NDG6	163	23.52	26.23	0.0010
A6NED2	106	17.31	25.03	0.0010
A6NFH5	2	2.96	14.64	0.0120
A6NFY7	25	11.67	14.91	0.0010
A6NGE7	66	15.42	21.26	0.0010
A6NGH8	1	0.00	0.00	0.0010
A6NGQ2	6	5.88	15.43	0.0010
A6NH11	56	19.14	22.61	0.0010
A6NH57	1	0.00	0.00	0.0010
A6NHG4	86	17.10	18.99	0.0010
A6NHQ2	50	16.18	22.72	0.0010
A6NI03	2	19.02	23.51	0.4815
A6NIK2	152	24.60	23.98	0.9590
A6NK53	1	0.00	0.00	0.0010
A6NK58	83	19.57	22.02	0.0010
A6NKC9	1	0.00	0.00	0.0010
A6NKD2	59	23.02	28.35	0.0010
A6NLE4	5	6.66	22.57	0.0030
A6NM28	120	30.80	32.24	0.0150
A6NMK7	1	0.00	0.00	0.0010
A6NMX2	17	9.62	19.89	0.0010
A6NNW6	11	23.49	27.10	0.0979
A6XGL0	13	15.01	20.22	0.0040
A7E2S9	1	0.00	0.00	0.0010
A7MBM2	40	21.80	45.64	0.0010
A8K4G0	1	0.00	0.00	0.0010
A8K8V0	5	5.26	23.75	0.0010
A8MT65	1	0.00	0.00	0.0010
A8MTL0	2	2.69	21.93	0.0160
A8MUK1	192	24.60	28.42	0.0010
A8MXT2	5	16.49	21.02	0.1489
A8MYZ5	4	4.62	22.83	0.0010
A9UHW6	4	6.65	18.26	0.0010
B0I1T2	10	18.13	40.05	0.0010
B2RTY4	16	17.29	65.99	0.0010
B2RV13	1	0.00	0.00	0.0010
B4DU55	1	0.00	0.00	0.0010
B4E2M5	1	0.00	0.00	0.0010
B5ME19	442	59.17	65.46	0.0010
B7ZBB8	45	17.19	21.53	0.0010
C9JLJ4	201	25.98	28.31	0.0010
C9JTQ0	145	23.35	23.28	0.5914
C9JVI0	209	26.61	28.39	0.0010
D6R9N7	67	24.53	28.08	0.0020
D6RA61	145	26.92	28.33	0.0230
D6RBQ6	177	25.71	28.42	0.0010
D6RCP7	215	26.72	28.42	0.0010
E5RJM6	164	26.17	41.35	0.0010
E9PQ53	8	27.34	24.31	0.7592
F5H284	89	16.71	18.92	0.0010
F8VTS6	3	6.74	14.29	0.0220
H3BUK9	102	27.92	31.37	0.0010
H3BV60	96	21.60	22.56	0.0500
O00110	29	12.66	24.15	0.0010
O00115	6	5.66	21.89	0.0010
O00116	32	20.84	30.74	0.0010
O00144	85	22.75	40.43	0.0010
O00148	65	21.93	30.01	0.0010
O00155	83	23.99	26.98	0.0020
O00178	89	30.30	31.47	0.0959
O00186	17	19.46	32.56	0.0010
O00192	2	10.91	18.66	0.2108
O00203	9	18.87	39.46	0.0010
O00212	25	14.39	20.54	0.0010
O00221	12	19.23	28.98	0.0020
O00233	16	9.09	21.36	0.0010
O00241	1	0.00	0.00	0.0010
O00305	29	24.76	30.85	0.0010
O00327	48	38.12	36.05	0.8252
O00341	1	0.00	0.00	0.0010
O00398	32	21.43	27.28	0.0010
O00425	7	5.84	30.50	0.0010
O00442	4	5.47	19.28	0.0010
O00443	10	22.82	39.03	0.0020
O00459	13	33.89	47.43	0.0200
O00469	6	12.34	36.42	0.0010
O00505	64	25.06	35.66	0.0010
O00519	29	28.56	28.36	0.5654
O00541	4	17.34	35.32	0.0220
O00555	435	52.07	80.87	0.0010
O00567	10	29.29	47.27	0.0130
O00626	1	0.00	0.00	0.0010
O00628	21	12.82	22.35	0.0010
O00634	10	17.04	39.30	0.0020
O00635	2	3.83	24.56	0.0210
O00743	58	17.58	24.28	0.0010
O00744	7	12.55	27.20	0.0010
O00748	1	0.00	0.00	0.0010
O00750	23	19.00	41.63	0.0010
O00754	44	25.34	37.12	0.0010
O00755	6	23.26	25.75	0.3007
O14522	21	22.86	32.93	0.0010
O14543	44	16.01	22.41	0.0010
O14576	10	15.83	26.57	0.0010
O14602	39	16.36	24.76	0.0010
O14604	5	4.85	21.72	0.0010
O14607	152	22.07	33.20	0.0010
O14626	1	0.00	0.00	0.0010
O14646	129	39.75	53.34	0.0010
O14647	138	29.07	40.06	0.0010
O14682	23	16.20	22.10	0.0010
O14730	2	2.65	15.43	0.0030
O14753	11	8.05	24.36	0.0010
O14764	34	21.76	44.67	0.0010
O14771	36	22.35	25.81	0.0010
O14775	15	20.23	26.55	0.0120
O14782	45	19.22	29.03	0.0010
O14787	296	39.02	44.62	0.0010
O14795	5	62.11	58.45	0.5744
O14807	31	14.02	19.39	0.0010
O14829	46	15.29	25.54	0.0010
O14863	1	0.00	0.00	0.0010
O14874	20	19.36	26.28	0.0010
O14893	2	2.49	19.43	0.0030
O14896	19	21.03	28.19	0.0250
O14904	14	18.44	29.07	0.0010
O14908	21	22.38	32.35	0.0010
O14910	1	0.00	0.00	0.0010
O14926	14	9.60	29.52	0.0010
O14929	3	4.71	19.89	0.0010
O14950	2	14.69	12.87	0.6154
O14965	10	11.88	22.61	0.0010
O14967	1	0.00	0.00	0.0010
O14979	9	7.62	21.45	0.0010
O14981	82	40.91	56.68	0.0010
O14983	7	31.80	41.76	0.0929
O14986	22	17.33	27.46	0.0010
O15031	43	54.46	56.62	0.2138
O15067	2	2.59	20.22	0.0040
O15072	2	3.20	22.88	0.0170
O15084	16	56.45	63.03	0.1309
O15105	18	11.79	21.37	0.0010
O15116	4	22.75	17.30	0.8961
O15173	7	13.13	14.78	0.2038
O15195	4	21.46	28.23	0.1499
O15211	11	24.80	31.63	0.0320
O15213	2	4.33	18.12	0.0210
O15232	2	2.84	10.09	0.0120
O15297	77	17.50	26.25	0.0010
O15303	103	20.41	67.65	0.0010
O15350	44	15.99	27.62	0.0010
O15355	108	20.40	41.32	0.0010
O15375	1	0.00	0.00	0.0010
O15381	17	32.19	39.95	0.0240
O15399	309	53.66	58.35	0.0010
O15403	20	18.98	30.55	0.0010
O15427	3	13.20	18.16	0.1638
O15431	8	7.03	22.67	0.0010
O15438	3	22.07	35.78	0.1059
O15440	39	38.35	50.97	0.0010
O15442	55	16.58	23.57	0.0010
O15466	10	12.92	22.13	0.0010
O15480	9	9.29	23.14	0.0010
O15499	16	19.50	17.05	0.9610
O15503	30	13.20	22.76	0.0010
O15516	1	0.00	0.00	0.0010
O15523	234	30.82	33.30	0.0010
O15524	74	21.67	20.96	0.9081
O15525	34	27.22	38.53	0.0010
O15528	12	25.69	28.10	0.1888
O15529	6	23.65	21.55	0.7303
O15547	2	2.79	22.70	0.0080
O15551	14	14.44	23.76	0.0010
O43155	3	10.25	20.94	0.0420
O43157	22	36.36	66.91	0.0010
O43174	15	19.62	27.51	0.0010
O43184	7	9.47	27.47	0.0010
O43187	1	0.00	0.00	0.0010
O43193	55	35.85	30.60	1.0000
O43196	2	11.18	21.82	0.1948
O43283	21	12.17	27.99	0.0010
O43286	46	16.69	23.02	0.0010
O43291	3	3.81	17.91	0.0020
O43295	6	50.45	58.31	0.2767
O43306	57	24.95	56.95	0.0010
O43309	1	0.00	0.00	0.0010
O43310	8	7.24	20.58	0.0010
O43320	77	16.36	19.99	0.0010
O43347	36	16.00	23.95	0.0010
O43390	21	13.07	24.37	0.0010
O43405	4	5.46	21.56	0.0010
O43448	1	0.00	0.00	0.0010
O43463	151	22.59	26.20	0.0010
O43525	74	37.19	51.12	0.0010
O43541	3	10.38	13.91	0.1968
O43542	1	0.00	0.00	0.0010
O43581	41	18.20	28.15	0.0010
O43592	6	31.27	40.59	0.0509
O43603	24	28.82	25.37	0.9880
O43623	4	8.71	24.64	0.0100
O43633	8	11.59	48.94	0.0010
O43639	19	21.87	29.20	0.0020
O43679	10	18.53	23.67	0.0589
O43680	16	15.00	20.94	0.0050
O43684	21	17.96	23.37	0.0010
O43692	7	16.29	18.78	0.1718
O43707	84	97.32	121.74	0.0010
O43747	55	37.12	46.89	0.0010
O43795	13	19.21	70.15	0.0010
O43815	1	0.00	0.00	0.0010
O43825	3	18.80	16.29	0.7113
O43847	27	30.14	38.54	0.0010
O43854	8	11.04	28.25	0.0010
O43895	10	12.40	30.22	0.0010
O43896	10	19.49	29.62	0.0020
O60235	1	0.00	0.00	0.0010
O60243	99	20.53	27.57	0.0010
O60245	135	45.72	94.24	0.0010
O60248	20	16.89	21.83	0.0200
O60258	55	15.67	19.15	0.0010
O60285	32	19.23	26.94	0.0010
O60312	51	24.68	48.47	0.0010
O60330	6	107.48	82.13	0.9251
O60331	83	22.35	29.24	0.0010
O60347	6	13.00	22.29	0.0040
O60353	2	43.58	21.01	0.9491
O60359	47	17.83	27.97	0.0010
O60391	108	23.17	58.71	0.0010
O60423	7	11.92	41.02	0.0010
O60447	1	0.00	0.00	0.0010
O60469	21	46.43	48.50	0.2488
O60476	21	18.08	26.63	0.0010
O60481	75	21.93	26.23	0.0010
O60503	44	31.48	59.12	0.0010
O60512	14	15.91	21.86	0.0040
O60513	1	0.00	0.00	0.0010
O60518	1	0.00	0.00	0.0010
O60542	21	13.50	21.90	0.0010
O60602	1	0.00	0.00	0.0010
O60610	7	27.82	47.28	0.0130
O60636	6	5.40	22.58	0.0010
O60637	7	24.86	25.94	0.4096
O60662	1	0.00	0.00	0.0010
O60675	32	18.98	38.41	0.0010
O60687	3	24.01	22.61	0.5814
O60706	90	44.14	53.39	0.0010
O60725	93	24.21	26.13	0.0020
O60733	3	26.09	30.17	0.3766
O60739	12	15.14	20.43	0.0310
O60749	4	19.76	27.80	0.1638
O60755	109	27.59	27.91	0.3467
O60762	10	12.54	19.70	0.0020
O60765	3	4.79	23.74	0.0010
O60806	8	13.51	20.17	0.0080
O60812	9	7.73	16.04	0.0010
O60840	137	45.53	54.04	0.0010
O60841	20	36.77	41.79	0.1239
O60844	2	2.04	9.26	0.0050
O60861	2	3.84	25.39	0.0210
O60879	5	11.69	44.13	0.0010
O60884	21	34.90	38.16	0.1558
O60907	124	20.47	25.40	0.0010
O60909	12	12.87	21.52	0.0010
O60928	8	16.17	35.01	0.0010
O60941	4	5.36	16.88	0.0010
O75022	4	13.84	29.01	0.0280
O75027	63	40.33	45.44	0.0030
O75038	4	14.82	34.38	0.0100
O75051	6	35.36	52.05	0.0789
O75061	4	17.94	21.51	0.2208
O75063	1	0.00	0.00	0.0010
O75077	25	28.40	30.89	0.1139
O75078	76	26.27	31.74	0.0010
O75083	32	27.87	33.62	0.0030
O75084	89	42.17	42.32	0.4496
O75110	113	42.56	46.55	0.0070
O75123	1	0.00	0.00	0.0010
O75155	61	27.15	54.51	0.0010
O75179	124	61.11	68.04	0.0030
O75197	17	29.91	36.15	0.0190
O75293	26	16.05	18.54	0.0040
O75312	4	17.66	30.30	0.0519
O75325	6	14.20	29.14	0.0030
O75354	1	0.00	0.00	0.0010
O75382	76	26.14	30.25	0.0010
O75425	1	0.00	0.00	0.0010
O75427	4	5.35	19.51	0.0010
O75443	14	12.31	70.33	0.0010
O75446	1	0.00	0.00	0.0010
O75462	2	2.28	19.99	0.0020
O75467	47	24.78	33.97	0.0010
O75487	65	41.43	41.97	0.3926
O75493	11	18.05	21.52	0.0410
O75503	1	0.00	0.00	0.0010
O75508	19	18.07	24.02	0.0040
O75529	43	15.10	33.29	0.0010
O75558	3	3.76	20.51	0.0010
O75563	4	20.68	19.78	0.5874
O75569	7	19.27	22.96	0.1489
O75570	1	0.00	0.00	0.0010
O75578	3	26.60	36.64	0.1988
O75600	3	18.94	18.68	0.5145
O75607	2	2.93	9.08	0.0310
O75616	3	15.14	19.70	0.2218
O75676	75	22.45	27.06	0.0010
O75679	1	0.00	0.00	0.0010
O75694	4	68.87	51.58	0.8511
O75752	2	2.65	12.07	0.0090
O75791	5	5.54	29.79	0.0010
O75794	11	12.87	28.20	0.0010
O75808	66	16.97	31.16	0.0010
O75881	1	0.00	0.00	0.0010
O75900	225	24.32	27.52	0.0010
O75908	2	13.89	15.58	0.4016
O75916	3	11.00	29.29	0.0280
O75925	32	20.00	29.44	0.0010
O75937	4	4.54	18.11	0.0010
O75949	22	12.58	23.90	0.0010
O75953	55	22.67	39.84	0.0010
O75954	9	8.42	26.53	0.0010
O75973	6	9.81	15.84	0.0030
O76031	9	21.86	31.07	0.0180
O76062	11	16.48	27.05	0.0010
O76081	2	3.89	10.67	0.0609
O76090	25	24.17	36.69	0.0010
O77932	1	0.00	0.00	0.0010
O94776	36	40.41	44.39	0.0270
O94778	1	0.00	0.00	0.0010
O94779	1	0.00	0.00	0.0010
O94805	101	25.80	29.77	0.0010
O94806	5	18.52	23.91	0.0769
O94808	17	20.90	33.88	0.0010
O94810	12	19.44	40.66	0.0010
O94811	2	2.77	13.23	0.0160
O94819	165	22.15	23.13	0.0030
O94832	7	58.94	47.81	0.7333
O94889	18	10.54	21.36	0.0010
O94903	16	12.09	21.39	0.0010
O94911	1	0.00	0.00	0.0010
O94921	1	0.00	0.00	0.0010
O94967	19	19.77	24.92	0.0010
O94973	62	42.04	46.95	0.0060
O94979	1	0.00	0.00	0.0010
O94989	44	22.42	32.97	0.0010
O95025	3	10.56	24.84	0.0200
O95049	7	5.63	29.14	0.0010
O95067	1	0.00	0.00	0.0010
O95156	3	11.28	14.48	0.2517
O95157	1	0.00	0.00	0.0010
O95158	26	15.39	24.50	0.0010
O95180	31	29.61	65.15	0.0010
O95185	1	0.00	0.00	0.0010
O95201	2	15.16	16.34	0.4246
O95206	276	70.43	94.88	0.0010
O95237	3	7.37	13.30	0.0330
O95248	12	18.75	34.21	0.0010
O95255	5	50.68	42.87	0.8242
O95259	90	47.78	57.79	0.0010
O95263	28	14.83	25.29	0.0010
O95279	12	21.17	28.79	0.0120
O95336	19	13.73	21.00	0.0010
O95340	2	24.77	20.03	0.6743
O95343	93	24.06	26.27	0.0010
O95347	4	43.15	101.16	0.0410
O95352	2	3.82	25.50	0.0150
O95373	20	27.26	42.36	0.0010
O95376	65	29.55	38.17	0.0010
O95390	74	29.37	37.60	0.0010
O95393	9	10.12	35.61	0.0010
O95394	4	14.87	22.98	0.0460
O95396	25	20.02	30.45	0.0010
O95398	8	41.88	36.59	0.8981
O95406	17	12.78	20.82	0.0010
O95416	30	15.65	20.78	0.0010
O95450	11	34.06	41.23	0.0789
O95452	2	15.98	15.24	0.6064
O95455	2	10.86	13.13	0.3307
O95460	47	21.61	35.97	0.0010
O95466	11	16.08	44.88	0.0010
O95475	33	21.82	25.90	0.0030
O95479	1	0.00	0.00	0.0010
O95602	75	30.54	56.08	0.0010
O95620	1	0.00	0.00	0.0010
O95622	137	29.56	60.51	0.0010
O95665	28	24.81	31.18	0.0020
O95670	3	4.01	38.01	0.0020
O95672	25	30.22	32.98	0.0529
O95677	2	9.87	12.60	0.3297
O95685	1	0.00	0.00	0.0010
O95741	38	36.43	35.79	0.6204
O95754	1	0.00	0.00	0.0010
O95755	1	0.00	0.00	0.0010
O95757	10	10.19	37.18	0.0010
O95758	5	17.76	21.46	0.1668
O95782	170	41.88	47.41	0.0010
O95803	3	8.06	17.31	0.0200
O95832	1	0.00	0.00	0.0010
O95834	2	4.06	18.00	0.0180
O95835	18	23.74	32.74	0.0020
O95837	3	4.86	23.21	0.0010
O95847	4	4.12	22.59	0.0010
O95865	56	16.21	22.32	0.0010
O95872	2	2.67	11.33	0.0230
O95897	35	16.68	22.06	0.0010
O95922	6	17.56	23.77	0.0480
O95947	6	11.12	19.44	0.0060
O95954	16	14.50	34.79	0.0010
O95965	1	0.00	0.00	0.0010
O95967	6	55.10	45.18	0.8492
O95988	1	0.00	0.00	0.0010
O96009	8	16.19	23.14	0.0080
O96014	15	11.14	28.86	0.0010
O96015	5	5.63	14.82	0.0010
O96018	4	18.57	26.96	0.1249
O96020	1	0.00	0.00	0.0010
O96024	33	19.03	25.17	0.0010
P00450	1	0.00	0.00	0.0010
P00488	3	15.77	26.20	0.1069
P00540	10	28.27	24.30	0.9261
P00749	4	16.07	20.13	0.1648
P01133	7	25.44	36.05	0.0360
P01178	40	13.11	16.10	0.0010
P01185	50	12.44	14.74	0.0010
P01222	2	2.88	11.88	0.0260
P01242	1	0.00	0.00	0.0010
P02765	2	21.75	14.44	0.8352
P02771	1	0.00	0.00	0.0010
P02790	3	23.96	20.19	0.7353
P03952	1	0.00	0.00	0.0010
P03999	3	4.05	19.86	0.0010
P04000	21	19.09	26.51	0.0010
P04003	2	14.88	28.68	0.2727
P04053	1	0.00	0.00	0.0010
P04066	7	7.69	26.35	0.0010
P04083	1	0.00	0.00	0.0010
P04275	39	41.61	72.38	0.0010
P04350	216	25.29	27.64	0.0010
P04628	97	29.19	30.85	0.0659
P04839	47	34.97	38.37	0.0330
P04920	37	24.73	31.17	0.0010
P05023	315	38.75	47.71	0.0010
P05026	17	34.31	31.92	0.6843
P05107	10	24.17	39.06	0.0040
P05129	101	35.33	44.05	0.0010
P05141	119	22.17	26.24	0.0010
P05165	4	34.73	28.53	0.8082
P05186	17	16.23	27.71	0.0010
P05783	8	6.17	91.18	0.0010
P05813	3	3.74	14.41	0.0010
P06576	80	21.89	31.60	0.0010
P07202	40	20.41	30.08	0.0010
P07307	1	0.00	0.00	0.0010
P07339	5	19.26	21.88	0.2318
P07686	12	10.52	29.27	0.0010
P07947	13	22.68	34.49	0.0040
P07996	9	20.01	36.35	0.0040
P08048	72	35.09	35.62	0.2927
P08138	17	34.73	33.43	0.6563
P08235	41	37.08	36.89	0.5045
P08237	30	37.92	34.49	0.9491
P08588	86	33.36	31.90	0.8831
P08670	5	5.11	71.38	0.0010
P08697	6	7.52	23.64	0.0010
P08962	1	0.00	0.00	0.0010
P09016	1	0.00	0.00	0.0010
P09093	1	0.00	0.00	0.0010
P09105	22	14.94	18.60	0.0010
P09529	57	23.21	40.64	0.0010
P09544	7	9.79	26.56	0.0010
P09619	34	18.12	31.32	0.0010
P09630	24	18.54	21.88	0.0020
P09758	19	23.45	24.02	0.3876
P09769	42	24.59	36.26	0.0010
P09848	16	33.48	41.65	0.0130
P09923	12	22.42	27.26	0.0420
P0C0E4	2	2.40	10.03	0.0030
P0C2W1	41	16.73	19.83	0.0010
P0C6S8	181	46.02	40.36	1.0000
P0C7M7	3	10.22	20.37	0.0260
P0C7U1	40	17.37	20.67	0.0020
P0CB38	5	11.33	31.06	0.0010
P0CF75	1	0.00	0.00	0.0010
P0CG38	19	23.29	26.48	0.0589
P0CI00	60	24.96	30.84	0.0010
P0CV98	107	23.06	27.70	0.0010
P0CW00	103	24.32	28.62	0.0010
P0DI81	5	10.41	15.49	0.0290
P0DI82	1	0.00	0.00	0.0010
P0DJD8	221	23.94	26.08	0.0010
P0DJD9	90	18.06	25.97	0.0010
P0DJI8	1	0.00	0.00	0.0010
P0DKB5	219	24.16	25.35	0.0010
P0DML3	3	4.13	15.15	0.0010
P0DMN0	152	21.52	24.08	0.0010
P0DMV9	294	29.79	39.80	0.0010
P0DN77	82	24.96	27.43	0.0040
P0DN79	7	15.13	31.87	0.0020
P0DN87	7	25.71	19.83	0.9660
P0DP73	10	6.38	10.53	0.0010
P0DP74	11	7.04	10.62	0.0010
P0DPA2	2	2.85	16.89	0.0190
P0DPD6	2	2.47	16.97	0.0030
P0DPD8	2	2.47	17.06	0.0030
P0DPH7	7	13.62	23.88	0.0010
P0DPH8	4	22.80	20.93	0.6523
P0DPI2	1	0.00	0.00	0.0010
P0DTE7	293	27.53	30.05	0.0010
P0DUB6	265	28.17	30.04	0.0010
P10074	2	3.94	18.22	0.0320
P10075	7	18.35	24.26	0.0340
P10155	2	3.38	16.72	0.0110
P10275	81	33.91	37.33	0.0240
P10398	114	21.61	34.23	0.0010
P10523	1	0.00	0.00	0.0010
P10588	145	31.61	34.21	0.0030
P10589	183	39.54	37.21	1.0000
P10646	4	9.45	19.00	0.0160
P10696	31	17.16	28.67	0.0010
P10911	6	20.21	26.40	0.0709
P10914	17	12.58	18.18	0.0010
P11049	20	25.15	32.97	0.0060
P11055	30	23.16	84.32	0.0010
P11168	3	11.00	21.35	0.0380
P11182	1	0.00	0.00	0.0010
P11215	13	46.12	50.04	0.2577
P11230	10	47.63	47.41	0.4905
P11487	17	15.35	18.70	0.0200
P11488	8	14.94	25.96	0.0020
P11678	1	0.00	0.00	0.0010
P11717	21	45.99	61.55	0.0020
P11801	23	15.65	27.38	0.0010
P11908	137	22.11	26.37	0.0010
P11940	95	27.16	39.73	0.0010
P12110	2	3.35	15.29	0.0100
P12235	51	17.96	26.03	0.0010
P12236	21	17.46	25.18	0.0010
P12643	6	7.08	32.83	0.0010
P12644	12	19.82	36.78	0.0010
P12814	50	98.34	120.10	0.0010
P12830	1	0.00	0.00	0.0010
P13196	1	0.00	0.00	0.0010
P13284	5	5.03	17.73	0.0010
P13473	1	0.00	0.00	0.0010
P13497	4	25.31	27.49	0.3506
P13533	18	26.65	49.39	0.0010
P13535	2	59.82	44.28	0.7512
P13584	3	3.55	19.78	0.0010
P13591	19	49.57	50.98	0.3526
P13805	9	15.92	51.82	0.0010
P13807	15	13.70	34.18	0.0010
P13861	19	66.05	64.16	0.5145
P13866	12	20.69	28.17	0.0060
P13945	22	28.25	28.87	0.3926
P13994	9	36.14	43.68	0.1608
P14136	83	87.67	87.49	0.5035
P14222	1	0.00	0.00	0.0010
P14373	35	16.51	46.83	0.0010
P14415	8	32.80	29.79	0.6733
P14543	3	22.80	22.47	0.5495
P14616	18	32.51	55.76	0.0010
P14625	13	15.25	44.85	0.0010
P15313	6	15.73	26.97	0.0100
P15586	5	4.50	23.39	0.0010
P15622	2	10.33	15.79	0.2158
P16050	8	7.48	31.18	0.0010
P16066	109	23.35	28.37	0.0010
P16144	6	23.10	36.19	0.0310
P16157	42	44.04	60.67	0.0010
P16260	3	9.61	18.30	0.0490
P16278	6	20.00	27.51	0.0410
P16333	1	0.00	0.00	0.0010
P16452	2	2.87	18.45	0.0040
P16499	1	0.00	0.00	0.0010
P16519	155	21.65	28.21	0.0010
P16591	1	0.00	0.00	0.0010
P16870	7	20.72	23.54	0.1738
P16949	21	67.61	63.50	0.7512
P17010	38	26.99	32.57	0.0010
P17025	6	26.92	28.19	0.3656
P17026	5	4.95	21.51	0.0010
P17029	12	11.45	29.44	0.0010
P17036	1	0.00	0.00	0.0010
P17041	2	17.09	14.36	0.6394
P17301	1	0.00	0.00	0.0010
P17302	20	23.40	30.22	0.0140
P17483	14	13.29	19.70	0.0010
P17509	23	12.96	20.61	0.0010
P17538	10	8.16	19.63	0.0010
P17600	52	21.21	26.58	0.0010
P17658	86	42.29	42.11	0.5235
P17661	43	42.48	99.56	0.0010
P17858	51	24.19	35.10	0.0010
P17947	48	15.46	18.13	0.0010
P18075	28	22.00	37.42	0.0010
P18405	16	16.06	22.89	0.0010
P18428	2	2.08	21.63	0.0030
P18505	65	38.01	48.94	0.0010
P18577	2	9.46	13.52	0.2567
P18859	3	4.41	23.31	0.0060
P19022	1	0.00	0.00	0.0010
P19105	1	0.00	0.00	0.0010
P19174	119	38.02	45.61	0.0010
P19237	5	6.84	52.03	0.0010
P19419	60	23.56	32.69	0.0010
P19823	1	0.00	0.00	0.0010
P20265	46	21.97	24.56	0.0100
P20336	25	16.25	26.22	0.0010
P20393	34	17.81	38.93	0.0010
P20594	26	17.67	27.69	0.0010
P20648	72	35.53	46.12	0.0010
P20700	41	36.71	98.30	0.0010
P20742	1	0.00	0.00	0.0010
P20916	7	51.61	58.55	0.2557
P20936	35	26.99	32.18	0.0020
P21127	62	25.88	26.91	0.1489
P21291	1	0.00	0.00	0.0010
P21452	3	7.41	19.09	0.0100
P21675	257	54.86	65.60	0.0010
P21709	1	0.00	0.00	0.0010
P21781	13	9.42	16.71	0.0010
P21810	6	20.39	24.69	0.1548
P21817	192	68.59	94.97	0.0010
P21912	2	10.67	13.30	0.3936
P21941	10	17.92	27.00	0.0020
P22004	8	28.01	36.18	0.0460
P22059	33	23.22	30.31	0.0010
P22079	7	5.64	26.74	0.0010
P22307	1	0.00	0.00	0.0010
P22459	30	22.81	40.56	0.0010
P22460	7	9.63	36.46	0.0010
P22674	12	21.81	22.22	0.4246
P22676	2	9.38	12.67	0.3127
P22694	33	16.39	25.56	0.0010
P22732	30	24.07	28.92	0.0040
P22735	2	11.37	19.10	0.2208
P22888	11	7.05	27.85	0.0010
P23434	1	0.00	0.00	0.0010
P23468	7	15.85	67.78	0.0010
P23763	2	2.50	16.88	0.0060
P23786	2	23.38	16.69	0.8252
P23975	42	24.15	30.49	0.0010
P24046	3	17.30	30.11	0.1578
P24298	3	13.87	20.52	0.1209
P24347	2	2.42	16.01	0.0060
P24386	5	19.39	30.64	0.0440
P24390	47	20.92	22.19	0.0699
P24539	1	0.00	0.00	0.0010
P24592	19	11.71	17.57	0.0010
P25021	48	22.33	26.19	0.0020
P25100	25	22.14	29.49	0.0020
P25101	29	20.67	27.46	0.0010
P25106	1	0.00	0.00	0.0010
P25686	1	0.00	0.00	0.0010
P25705	46	21.21	33.91	0.0010
P25800	2	18.23	14.29	0.6893
P25874	3	14.90	20.15	0.1688
P26006	33	38.28	43.50	0.0420
P26232	75	44.87	67.25	0.0010
P26572	49	18.80	25.98	0.0010
P26583	9	17.11	29.64	0.0040
P26640	20	24.21	45.31	0.0010
P26718	1	0.00	0.00	0.0010
P26992	7	11.15	33.95	0.0020
P27105	3	23.69	22.35	0.5544
P27540	12	29.07	35.92	0.0539
P27635	99	20.56	27.52	0.0010
P27708	112	29.53	44.41	0.0010
P28288	29	34.63	42.33	0.0060
P28300	18	13.38	21.58	0.0010
P28330	1	0.00	0.00	0.0010
P28335	53	17.88	32.03	0.0010
P28370	96	26.24	37.61	0.0010
P28698	25	24.25	35.00	0.0010
P29074	9	20.49	29.03	0.0340
P29120	12	20.24	26.12	0.0060
P29144	114	28.04	48.00	0.0010
P29275	13	8.31	26.36	0.0010
P29320	4	20.63	46.79	0.0340
P29322	6	41.37	50.69	0.1598
P29323	20	31.48	61.32	0.0020
P29371	4	4.52	22.48	0.0010
P29377	2	2.54	7.67	0.0140
P29475	36	21.49	33.46	0.0010
P30049	3	6.61	14.02	0.0240
P30154	2	3.19	23.90	0.0140
P30304	37	12.62	20.64	0.0010
P30531	166	24.58	30.53	0.0010
P30536	7	15.48	19.96	0.0659
P30550	11	19.94	25.71	0.0320
P30679	13	9.95	31.00	0.0010
P30825	69	20.35	35.30	0.0010
P30872	21	16.28	25.20	0.0010
P30874	11	7.65	24.36	0.0010
P30939	1	0.00	0.00	0.0010
P31146	46	19.35	25.98	0.0010
P31150	175	24.55	29.07	0.0010
P31152	4	8.19	20.36	0.0010
P31267	17	17.54	20.92	0.0450
P31323	33	57.04	67.73	0.1229
P31639	18	32.60	29.50	0.9251
P31689	15	20.50	37.47	0.0010
P31942	31	20.55	25.81	0.0010
P32004	42	67.69	72.01	0.1239
P32019	1	0.00	0.00	0.0010
P32121	21	22.59	30.97	0.0030
P32189	184	27.72	30.12	0.0010
P32239	11	20.77	30.05	0.0120
P32246	1	0.00	0.00	0.0010
P32247	6	21.20	23.63	0.2757
P32249	5	6.70	23.06	0.0010
P32302	5	10.83	21.87	0.0030
P32856	9	15.10	29.83	0.0010
P32942	8	44.75	58.76	0.0819
P32970	5	9.72	16.09	0.0160
P33151	1	0.00	0.00	0.0010
P33402	19	39.79	57.02	0.0030
P33527	19	37.10	51.94	0.0010
P33908	11	15.11	25.32	0.0010
P33947	7	12.09	19.32	0.0010
P34820	69	34.44	38.62	0.0040
P34903	91	35.96	52.00	0.0010
P34932	51	19.14	39.44	0.0010
P34969	23	13.18	31.01	0.0010
P34995	160	29.52	30.28	0.1299
P35212	3	25.42	20.47	0.7383
P35348	8	9.13	26.12	0.0010
P35368	6	23.65	25.78	0.3526
P35372	1	0.00	0.00	0.0010
P35443	1	0.00	0.00	0.0010
P35573	2	2.66	28.01	0.0010
P35579	114	53.71	89.25	0.0010
P35590	9	19.39	35.42	0.0040
P35606	14	32.27	52.30	0.0020
P35611	3	6.85	15.93	0.0130
P35612	8	12.71	21.31	0.0010
P35626	18	26.01	37.18	0.0010
P35749	82	41.00	87.16	0.0010
P35789	2	2.23	16.34	0.0020
P35869	18	33.09	30.70	0.8122
P35913	4	62.68	45.28	0.9431
P35916	23	80.34	71.17	0.9740
P36268	60	23.68	28.36	0.0010
P36269	10	11.80	26.76	0.0010
P36383	15	20.85	30.16	0.0040
P36405	1	0.00	0.00	0.0010
P36406	6	7.53	19.90	0.0010
P36542	1	0.00	0.00	0.0010
P36575	11	13.65	29.97	0.0010
P36894	9	10.45	23.53	0.0010
P36896	65	22.98	25.98	0.0010
P37288	7	18.05	25.88	0.0320
P38405	98	22.20	27.83	0.0010
P38567	1	0.00	0.00	0.0010
P40123	1	0.00	0.00	0.0010
P40126	1	0.00	0.00	0.0010
P40145	2	8.09	29.86	0.0500
P40197	14	27.35	36.21	0.0140
P40925	2	6.23	12.59	0.1129
P41219	25	81.45	98.21	0.0280
P41221	58	23.66	30.46	0.0010
P41226	2	9.22	21.46	0.0839
P41229	269	37.19	47.45	0.0010
P41231	5	10.89	21.76	0.0040
P41970	15	10.00	26.92	0.0010
P42025	13	17.45	25.83	0.0010
P42081	2	1.84	15.73	0.0010
P42263	223	57.04	64.51	0.0010
P42679	20	23.96	31.06	0.0030
P42680	7	39.73	40.56	0.4206
P42681	4	20.04	24.71	0.2108
P42684	36	23.43	30.42	0.0010
P42685	5	20.13	29.18	0.0699
P42696	1	0.00	0.00	0.0010
P42772	2	15.28	9.40	0.9121
P43004	20	13.37	29.62	0.0010
P43007	40	25.98	30.38	0.0040
P43088	6	10.00	22.24	0.0010
P43119	4	26.80	21.14	0.8601
P43234	11	9.40	22.48	0.0010
P43304	1	0.00	0.00	0.0010
P43353	40	37.59	32.15	0.9950
P43355	7	21.99	21.67	0.5345
P43361	6	8.11	21.85	0.0010
P43362	120	22.96	25.94	0.0010
P43363	4	5.23	19.63	0.0010
P43365	5	6.52	26.01	0.0010
P43630	12	10.93	29.20	0.0010
P45844	18	34.44	38.37	0.1159
P45973	1	0.00	0.00	0.0010
P46060	14	18.26	26.81	0.0010
P46087	20	19.56	25.00	0.0010
P46091	1	0.00	0.00	0.0010
P46092	62	28.94	28.18	0.7542
P46095	8	25.71	23.29	0.7662
P46459	114	24.94	37.84	0.0010
P46734	31	19.54	24.15	0.0010
P46934	1	0.00	0.00	0.0010
P47211	2	5.32	13.14	0.0739
P47755	21	19.06	28.22	0.0010
P47775	13	22.76	25.08	0.2018
P47869	62	36.21	48.04	0.0010
P47898	1	0.00	0.00	0.0010
P47928	12	7.78	17.07	0.0010
P47985	10	13.24	37.90	0.0010
P48029	229	27.37	30.88	0.0010
P48047	1	0.00	0.00	0.0010
P48048	1	0.00	0.00	0.0010
P48050	166	33.54	41.37	0.0010
P48051	106	28.61	38.87	0.0010
P48058	33	41.45	62.14	0.0010
P48065	7	29.38	26.34	0.8212
P48066	26	21.93	29.72	0.0010
P48165	6	17.80	25.95	0.0659
P48167	1	0.00	0.00	0.0010
P48169	32	24.98	36.71	0.0010
P48201	2	3.98	11.14	0.1209
P48444	2	7.96	14.75	0.1958
P48454	10	11.21	30.55	0.0010
P48544	4	13.63	29.08	0.0320
P48546	11	18.79	34.90	0.0020
P48547	254	39.03	42.68	0.0010
P48549	124	32.10	38.86	0.0010
P48664	46	18.74	30.30	0.0010
P48723	3	6.11	21.01	0.0030
P48751	39	28.21	31.92	0.0280
P48764	91	23.47	31.82	0.0010
P48995	28	36.76	46.11	0.0040
P49184	17	11.05	21.35	0.0010
P49190	2	22.41	20.30	0.6334
P49247	10	11.69	20.68	0.0010
P49279	6	25.71	23.94	0.6893
P49281	5	15.63	22.64	0.0430
P49585	22	23.72	52.00	0.0010
P49589	8	10.09	35.74	0.0010
P49641	5	23.37	30.88	0.0929
P49682	46	23.64	26.37	0.0130
P49683	12	14.30	25.27	0.0010
P49703	29	17.73	19.55	0.0290
P49711	123	34.32	35.87	0.0200
P49746	5	25.82	32.75	0.2168
P49755	14	14.83	17.19	0.0639
P49758	8	21.46	39.67	0.0040
P49761	39	24.19	27.05	0.0160
P49788	32	13.57	22.60	0.0010
P49840	77	19.02	27.42	0.0010
P49961	1	0.00	0.00	0.0010
P50151	8	6.18	26.56	0.0010
P50391	1	0.00	0.00	0.0010
P50395	17	16.22	27.55	0.0010
P50406	14	23.03	27.17	0.0889
P50416	12	20.40	30.08	0.0010
P50454	14	12.58	26.27	0.0010
P50502	5	9.62	17.97	0.0100
P50539	9	6.60	25.84	0.0010
P50570	121	65.25	71.31	0.0010
P50876	1	0.00	0.00	0.0010
P50993	214	36.37	47.64	0.0010
P51003	76	25.73	31.87	0.0010
P51153	10	11.45	18.27	0.0010
P51160	2	3.62	30.56	0.0100
P51172	3	3.74	26.86	0.0010
P51178	4	10.10	27.79	0.0030
P51451	7	6.88	26.91	0.0010
P51460	3	14.15	14.14	0.4735
P51508	7	16.90	32.11	0.0010
P51511	13	23.76	31.60	0.0060
P51512	59	26.84	32.29	0.0010
P51530	2	11.45	21.48	0.1469
P51531	203	32.77	42.04	0.0010
P51575	2	19.08	21.59	0.4945
P51606	44	17.34	26.35	0.0010
P51679	1	0.00	0.00	0.0010
P51687	1	0.00	0.00	0.0010
P51689	41	24.09	30.69	0.0010
P51690	94	18.65	31.52	0.0010
P51788	1	0.00	0.00	0.0010
P51790	64	29.27	38.52	0.0010
P51795	74	23.81	38.68	0.0010
P51797	4	19.75	33.32	0.0609
P51800	8	16.39	33.77	0.0010
P51801	2	16.01	18.73	0.4466
P51805	40	28.28	57.12	0.0010
P51817	48	20.06	25.46	0.0010
P51843	41	14.73	25.65	0.0010
P51854	28	26.18	34.38	0.0020
P51884	4	11.37	22.52	0.0130
P51957	2	4.82	13.19	0.0519
P52198	8	16.93	18.03	0.3247
P52333	53	18.67	34.70	0.0010
P52597	37	21.19	25.81	0.0010
P52735	41	18.24	35.36	0.0010
P52736	3	9.19	23.32	0.0190
P52737	5	12.64	26.88	0.0030
P52738	11	11.32	32.73	0.0010
P52747	6	23.95	25.16	0.3487
P52797	22	16.97	20.20	0.0160
P52798	8	7.50	17.72	0.0010
P52848	12	19.26	24.03	0.0200
P52907	7	19.93	25.55	0.1279
P52943	23	15.22	26.55	0.0010
P53007	48	21.92	25.42	0.0020
P53609	16	20.11	24.23	0.0120
P53618	8	26.39	48.86	0.0020
P53621	79	31.29	52.95	0.0010
P53672	4	10.31	16.51	0.0270
P53675	1	0.00	0.00	0.0010
P53677	3	15.47	23.05	0.1109
P53794	34	27.14	30.28	0.0250
P53805	11	7.41	18.98	0.0010
P54105	7	7.93	18.78	0.0010
P54707	4	27.43	34.54	0.2128
P54709	17	38.64	32.10	0.9391
P54727	31	60.77	65.44	0.0709
P54750	1	0.00	0.00	0.0010
P54753	30	59.39	64.53	0.1249
P54760	8	54.37	53.17	0.5025
P54762	13	54.59	59.70	0.2128
P54793	8	12.58	27.62	0.0010
P54803	1	0.00	0.00	0.0010
P54840	1	0.00	0.00	0.0010
P54845	69	36.36	39.25	0.0080
P54920	3	8.83	22.11	0.0280
P55017	2	3.12	26.45	0.0080
P55039	17	22.36	29.37	0.0020
P55058	2	18.25	21.61	0.4885
P55060	5	30.79	38.18	0.1209
P55083	11	11.89	19.50	0.0010
P55103	1	0.00	0.00	0.0010
P55160	15	30.89	54.50	0.0010
P55209	10	16.33	29.27	0.0010
P55285	6	57.53	58.89	0.3986
P55286	14	35.31	77.61	0.0010
P55287	9	22.17	61.72	0.0010
P55289	1	0.00	0.00	0.0010
P55291	6	8.60	58.30	0.0010
P55345	32	18.63	27.92	0.0010
P55771	37	31.06	39.98	0.0010
P55795	69	21.02	29.12	0.0010
P56182	10	10.55	20.86	0.0010
P56199	4	36.48	41.24	0.3307
P56270	37	19.81	32.14	0.0010
P56377	25	14.29	19.58	0.0010
P56385	4	10.11	25.68	0.0300
P56559	94	17.59	20.37	0.0010
P56597	1	0.00	0.00	0.0010
P56705	26	28.41	29.58	0.3177
P56706	23	15.34	29.84	0.0010
P56746	13	10.80	23.74	0.0010
P57058	29	18.60	29.57	0.0010
P57059	34	25.93	26.62	0.3117
P57078	1	0.00	0.00	0.0010
P57082	7	11.60	19.85	0.0020
P57086	41	15.08	17.94	0.0010
P57723	6	12.32	21.32	0.0080
P57737	1	0.00	0.00	0.0010
P57739	17	17.38	24.14	0.0050
P57796	5	4.84	18.83	0.0010
P58005	7	18.25	24.66	0.0340
P58215	3	2.88	20.85	0.0010
P58557	1	0.00	0.00	0.0010
P58743	4	5.27	34.54	0.0010
P58876	19	16.92	21.54	0.0070
P59045	4	15.01	33.72	0.0090
P59190	12	11.53	18.49	0.0010
P59780	1	0.00	0.00	0.0010
P59910	1	0.00	0.00	0.0010
P59923	2	3.99	18.16	0.0290
P60321	2	9.27	8.54	0.5954
P60510	112	19.10	24.53	0.0010
P60673	27	16.66	17.25	0.2338
P60827	3	9.71	12.68	0.1858
P60981	2	2.65	10.65	0.0110
P60983	5	13.00	15.29	0.1988
P61163	72	22.40	27.64	0.0010
P61225	78	17.96	19.38	0.0020
P61266	70	27.71	33.20	0.0020
P61289	20	15.28	33.50	0.0010
P61371	22	15.93	23.53	0.0010
P61601	1	0.00	0.00	0.0010
P61812	23	29.74	34.30	0.0440
P61952	1	0.00	0.00	0.0010
P61978	57	23.70	33.73	0.0010
P62079	10	15.87	29.10	0.0010
P62140	155	21.05	24.67	0.0010
P62306	8	8.24	14.54	0.0010
P62324	27	10.75	17.85	0.0010
P62380	26	24.20	24.59	0.3766
P62633	10	6.79	18.79	0.0010
P62714	92	22.23	24.64	0.0010
P62736	79	19.95	27.78	0.0010
P62760	21	16.18	23.05	0.0010
P62879	101	25.41	26.15	0.1518
P62955	6	22.72	22.68	0.5205
P63027	16	15.22	37.25	0.0010
P63162	1	0.00	0.00	0.0010
P63215	8	13.91	26.21	0.0040
P63218	3	17.17	20.05	0.3457
P63252	50	25.43	38.97	0.0010
P63267	64	21.86	27.78	0.0010
P63313	3	4.13	14.04	0.0130
P68032	184	25.56	28.27	0.0010
P68133	232	25.13	28.30	0.0010
P68366	77	23.20	27.60	0.0010
P68371	231	26.37	27.67	0.0010
P78316	5	39.30	55.90	0.1069
P78333	5	5.90	33.88	0.0010
P78334	3	33.79	33.80	0.5005
P78352	95	24.13	28.20	0.0010
P78381	125	20.49	25.81	0.0010
P78382	1	0.00	0.00	0.0010
P78396	3	5.08	16.52	0.0020
P78504	63	50.24	77.92	0.0010
P78524	33	21.86	29.37	0.0010
P78536	15	23.33	36.72	0.0040
P78562	60	24.11	34.25	0.0010
P80365	17	11.04	23.46	0.0010
P80404	12	26.98	27.47	0.4176
P81133	23	23.26	31.00	0.0010
P83111	8	9.96	25.61	0.0010
P83369	30	20.54	33.40	0.0010
P98077	24	16.09	23.38	0.0010
P98168	4	13.41	28.01	0.0100
P98169	50	28.26	36.34	0.0010
P98170	9	17.84	22.75	0.0609
P98171	70	67.07	69.06	0.2867
P98173	49	15.27	19.64	0.0010
P98174	199	30.06	33.33	0.0010
P98179	40	12.13	15.61	0.0010
P98194	48	29.14	44.81	0.0010
P98196	16	36.48	45.10	0.0250
Q00005	16	40.19	29.73	0.9970
Q00526	5	9.19	20.87	0.0010
Q00532	3	8.53	19.35	0.0170
Q00537	13	17.89	24.66	0.0020
Q00577	122	18.72	21.49	0.0010
Q00610	109	68.80	79.75	0.0020
Q00653	49	24.96	35.18	0.0010
Q00978	4	8.54	17.07	0.0070
Q00G26	1	0.00	0.00	0.0010
Q01085	43	21.84	41.17	0.0010
Q01118	407	45.50	55.64	0.0010
Q01201	72	24.48	33.66	0.0010
Q01432	6	27.00	27.62	0.4336
Q01518	1	0.00	0.00	0.0010
Q01534	87	21.28	25.23	0.0010
Q01668	140	42.13	53.73	0.0010
Q01814	176	33.97	50.32	0.0010
Q01851	90	25.49	25.53	0.4645
Q01860	27	21.08	25.42	0.0030
Q01892	48	14.80	19.02	0.0010
Q01959	82	24.30	30.44	0.0010
Q01974	1	0.00	0.00	0.0010
Q01995	2	7.16	9.02	0.3207
Q02094	2	2.69	14.01	0.0080
Q02156	46	29.72	40.52	0.0010
Q02161	2	3.16	13.90	0.0170
Q02218	212	31.04	44.76	0.0010
Q02221	22	28.66	28.16	0.6004
Q02241	27	18.13	32.03	0.0010
Q02252	2	14.19	15.62	0.4635
Q02318	2	4.41	15.35	0.0250
Q02325	6	6.75	12.57	0.0020
Q02410	4	17.92	26.40	0.1009
Q02413	1	0.00	0.00	0.0010
Q02548	37	38.44	40.26	0.1129
Q02556	5	7.96	22.59	0.0010
Q02575	12	10.00	19.32	0.0010
Q02577	21	16.30	20.08	0.0180
Q02641	25	21.35	31.25	0.0010
Q02742	3	9.09	18.38	0.0240
Q02779	79	25.19	28.81	0.0010
Q02809	3	46.65	29.05	0.9670
Q02978	16	16.26	27.88	0.0010
Q03113	65	32.31	30.48	0.8801
Q03169	122	24.39	55.69	0.0010
Q03252	19	27.42	95.16	0.0010
Q03403	1	0.00	0.00	0.0010
Q03518	5	22.46	37.74	0.0420
Q03721	85	38.18	42.24	0.0020
Q04656	27	28.33	44.57	0.0010
Q04725	15	16.71	23.44	0.0010
Q04726	117	20.90	24.83	0.0010
Q04727	45	15.24	24.54	0.0010
Q04743	19	11.25	18.04	0.0010
Q04864	15	11.39	31.55	0.0010
Q05397	40	29.29	38.39	0.0010
Q05513	59	18.69	26.46	0.0010
Q05516	41	22.94	32.64	0.0010
Q05639	275	30.79	32.02	0.0020
Q05655	37	22.19	36.24	0.0010
Q05901	2	4.46	26.40	0.0210
Q05932	41	20.92	32.86	0.0010
Q05D32	33	16.76	20.51	0.0010
Q06203	67	20.48	31.06	0.0010
Q06546	12	17.35	26.42	0.0020
Q06547	32	21.03	37.96	0.0010
Q06587	15	9.19	20.34	0.0010
Q07001	2	20.46	27.66	0.4266
Q07002	19	14.05	25.53	0.0010
Q075Z2	1	0.00	0.00	0.0010
Q07666	13	18.44	22.40	0.0260
Q07864	13	30.56	65.45	0.0010
Q08117	33	42.71	39.15	0.8991
Q08211	230	31.10	39.93	0.0010
Q08289	1	0.00	0.00	0.0010
Q08357	52	17.13	39.92	0.0010
Q08397	1	0.00	0.00	0.0010
Q08426	1	0.00	0.00	0.0010
Q08462	119	30.15	58.24	0.0010
Q08752	9	10.39	29.12	0.0010
Q08828	155	35.29	59.13	0.0010
Q08999	6	24.84	39.10	0.0160
Q08AH1	2	2.72	15.37	0.0090
Q08ET2	3	5.51	27.54	0.0020
Q08J23	1	0.00	0.00	0.0010
Q09019	154	24.84	39.46	0.0010
Q09470	120	40.51	41.59	0.1678
Q0D2K2	5	5.20	26.35	0.0010
Q0VAF6	2	2.87	8.64	0.0380
Q0VDF9	10	16.82	39.92	0.0010
Q0WX57	206	26.64	28.42	0.0010
Q10472	29	17.88	31.70	0.0010
Q10567	19	45.51	40.59	0.9421
Q10713	2	4.28	16.24	0.0260
Q11201	1	0.00	0.00	0.0010
Q11203	24	22.65	23.47	0.2657
Q11206	12	9.71	22.50	0.0010
Q12800	37	17.35	23.96	0.0010
Q12805	7	10.12	40.58	0.0010
Q12829	7	6.35	17.20	0.0010
Q12837	8	15.50	21.38	0.0210
Q12840	65	22.81	28.63	0.0010
Q12846	5	36.64	27.46	0.9391
Q12849	2	2.79	14.64	0.0130
Q12851	10	12.57	26.72	0.0010
Q12852	102	20.47	29.24	0.0010
Q12873	212	32.62	41.08	0.0010
Q12882	1	0.00	0.00	0.0010
Q12891	18	20.59	27.92	0.0020
Q12894	53	32.29	30.06	0.9171
Q12899	40	24.34	49.11	0.0010
Q12905	47	23.37	28.75	0.0010
Q12906	74	21.67	29.41	0.0010
Q12907	1	0.00	0.00	0.0010
Q12926	7	20.38	32.35	0.0250
Q12959	1	0.00	0.00	0.0010
Q12965	3	12.54	31.07	0.0200
Q12967	6	21.27	33.43	0.0180
Q12972	33	15.01	17.98	0.0010
Q13002	26	80.10	67.45	0.9860
Q13003	62	57.09	70.84	0.0010
Q13018	4	38.41	43.33	0.2897
Q13045	7	21.32	33.73	0.0090
Q13075	438	53.28	59.45	0.0010
Q13105	91	28.68	33.07	0.0010
Q13151	113	22.26	23.85	0.0030
Q13156	4	5.12	15.16	0.0010
Q13163	8	14.51	22.25	0.0030
Q13177	44	15.26	24.54	0.0010
Q13183	1	0.00	0.00	0.0010
Q13237	18	32.24	35.96	0.0979
Q13239	2	3.16	20.80	0.0290
Q13242	81	19.46	22.85	0.0010
Q13243	15	18.93	22.58	0.0330
Q13258	1	0.00	0.00	0.0010
Q13275	39	27.23	37.07	0.0010
Q13308	15	50.84	68.33	0.0280
Q13310	42	16.22	40.00	0.0010
Q13319	77	18.62	19.16	0.1079
Q13349	7	38.74	46.52	0.1698
Q13368	13	20.88	30.56	0.0030
Q13370	1	0.00	0.00	0.0010
Q13402	8	21.36	53.60	0.0030
Q13410	25	12.84	28.43	0.0010
Q13423	26	33.11	47.50	0.0010
Q13424	67	25.72	31.61	0.0010
Q13425	151	24.73	32.75	0.0010
Q13443	21	20.73	30.07	0.0010
Q13445	10	7.22	16.04	0.0010
Q13449	17	44.71	41.26	0.8142
Q13470	58	16.47	28.22	0.0010
Q13488	6	40.01	46.59	0.2378
Q13492	15	17.38	24.55	0.0020
Q13496	83	27.79	31.31	0.0010
Q13530	1	0.00	0.00	0.0010
Q13585	1	0.00	0.00	0.0010
Q13588	72	22.32	26.03	0.0010
Q13591	9	9.70	27.70	0.0010
Q13608	4	18.44	30.68	0.0400
Q13615	75	19.69	33.02	0.0010
Q13642	1	0.00	0.00	0.0010
Q13685	7	17.09	22.38	0.0330
Q13698	4	13.25	41.17	0.0010
Q13724	270	27.02	36.34	0.0010
Q13733	3	26.25	30.90	0.3516
Q13751	5	4.58	38.93	0.0010
Q13761	55	17.57	26.24	0.0010
Q13797	17	22.33	48.06	0.0010
Q13829	2	2.73	16.33	0.0140
Q13884	5	5.02	26.53	0.0010
Q13885	305	26.14	27.32	0.0010
Q13886	28	13.51	22.81	0.0010
Q13905	75	27.83	33.27	0.0010
Q13956	1	0.00	0.00	0.0010
Q14003	218	35.24	42.46	0.0010
Q14088	57	23.27	26.39	0.0220
Q14103	54	30.26	31.35	0.1189
Q14123	1	0.00	0.00	0.0010
Q14147	3	3.61	25.90	0.0010
Q14161	16	16.16	26.26	0.0010
Q14165	31	13.63	20.74	0.0010
Q14183	7	17.91	23.58	0.0450
Q14185	45	57.68	66.15	0.0140
Q14190	10	22.17	29.29	0.0320
Q14201	17	13.14	17.12	0.0010
Q14210	2	3.64	8.67	0.1019
Q14249	79	16.98	22.89	0.0010
Q14314	2	3.52	42.82	0.0220
Q14332	218	37.65	42.87	0.0010
Q14344	61	24.22	30.85	0.0010
Q14390	6	12.15	20.77	0.0060
Q14432	31	21.47	28.32	0.0010
Q14498	73	25.93	25.54	0.7133
Q14500	47	34.05	39.03	0.0210
Q14527	4	8.77	37.91	0.0010
Q14533	21	20.96	79.85	0.0010
Q14542	1	0.00	0.00	0.0010
Q14563	29	30.89	36.17	0.0230
Q14571	89	113.69	98.95	1.0000
Q14576	49	21.89	29.51	0.0010
Q14592	28	37.10	35.87	0.7293
Q14651	1	0.00	0.00	0.0010
Q14654	13	32.40	36.83	0.1728
Q14679	3	14.27	20.88	0.1598
Q14681	6	22.42	31.14	0.1179
Q14689	11	19.22	29.12	0.0010
Q14692	1	0.00	0.00	0.0010
Q14694	13	15.00	26.71	0.0010
Q14696	5	9.20	17.49	0.0040
Q14697	61	20.90	37.23	0.0010
Q14703	1	0.00	0.00	0.0010
Q14721	196	41.03	41.71	0.1658
Q14722	20	13.55	24.14	0.0010
Q14738	78	30.12	36.10	0.0010
Q14764	17	104.73	110.09	0.3886
Q14765	14	35.03	44.81	0.0280
Q14773	6	21.52	24.49	0.2817
Q147X3	32	16.40	19.19	0.0010
Q14919	19	19.33	19.33	0.4785
Q14940	37	28.35	31.21	0.0589
Q14957	86	32.96	58.07	0.0010
Q14964	17	13.68	19.77	0.0010
Q14995	15	17.39	31.56	0.0010
Q15014	20	14.11	20.31	0.0010
Q15021	1	0.00	0.00	0.0010
Q15034	11	17.28	28.43	0.0010
Q15040	6	8.45	19.23	0.0010
Q15050	24	37.54	42.58	0.0310
Q15057	32	59.80	58.02	0.6983
Q15067	14	13.12	33.12	0.0010
Q15072	12	26.22	33.09	0.0210
Q15102	3	11.71	14.36	0.2468
Q15111	10	25.16	32.84	0.0220
Q15124	32	22.35	30.09	0.0010
Q15131	2	3.11	13.23	0.0160
Q15139	8	20.10	26.31	0.0300
Q15147	35	26.97	37.38	0.0010
Q15173	23	24.90	34.91	0.0030
Q15262	18	27.53	32.69	0.0210
Q15269	3	12.96	28.89	0.0290
Q15306	9	12.51	20.10	0.0010
Q15334	9	25.29	38.70	0.0030
Q15345	19	13.48	27.11	0.0010
Q15349	13	15.50	24.75	0.0010
Q15365	93	24.00	27.27	0.0010
Q15388	1	0.00	0.00	0.0010
Q15406	23	19.01	36.64	0.0010
Q15415	71	21.94	23.74	0.0020
Q15417	1	0.00	0.00	0.0010
Q15437	1	0.00	0.00	0.0010
Q15477	5	54.33	47.94	0.6703
Q15555	11	19.39	40.79	0.0020
Q15569	71	20.94	24.67	0.0010
Q15653	7	5.80	25.58	0.0010
Q15654	2	2.59	14.24	0.0120
Q15669	6	12.74	16.91	0.0500
Q15696	26	18.51	20.86	0.0240
Q15700	12	25.36	31.84	0.0330
Q15743	6	19.04	22.58	0.1708
Q15760	7	25.96	27.28	0.3946
Q15761	2	2.67	18.48	0.0020
Q15777	16	15.45	22.49	0.0010
Q15842	48	34.67	43.41	0.0010
Q15847	1	0.00	0.00	0.0010
Q15849	4	3.51	19.33	0.0010
Q15878	281	45.85	71.47	0.0010
Q15915	60	19.82	26.42	0.0010
Q15928	1	0.00	0.00	0.0010
Q16099	12	47.72	58.67	0.1099
Q16143	2	2.38	13.29	0.0080
Q16270	32	14.26	20.87	0.0010
Q16348	4	4.41	30.53	0.0010
Q16352	95	44.73	54.21	0.0010
Q16394	13	10.92	21.74	0.0010
Q16478	73	31.25	62.16	0.0010
Q16526	13	25.18	28.86	0.0859
Q16537	56	27.50	35.91	0.0010
Q16584	22	14.75	28.60	0.0010
Q16587	15	33.97	33.42	0.5524
Q16602	10	18.07	31.47	0.0010
Q16623	38	34.19	33.03	0.7043
Q16661	1	0.00	0.00	0.0010
Q16665	16	37.51	31.86	0.9271
Q16666	1	0.00	0.00	0.0010
Q16671	3	7.47	17.25	0.0100
Q16706	13	20.13	35.62	0.0010
Q16720	170	37.12	50.20	0.0010
Q16762	28	14.31	23.48	0.0010
Q16798	9	24.01	28.86	0.1059
Q16832	4	3.98	22.20	0.0010
Q16842	41	15.27	23.45	0.0010
Q16877	11	22.35	30.06	0.0070
Q17RR3	1	0.00	0.00	0.0010
Q18PE1	2	2.91	11.67	0.0180
Q1HG44	13	16.32	27.21	0.0010
Q27J81	7	6.71	46.46	0.0010
Q29RF7	132	51.34	59.37	0.0010
Q2I0M4	74	25.27	23.54	0.9950
Q2L4Q9	3	3.53	15.11	0.0010
Q2M218	1	0.00	0.00	0.0010
Q2M2H8	11	21.24	33.98	0.0010
Q2M3M2	3	14.22	20.78	0.1349
Q2M3T9	1	0.00	0.00	0.0010
Q2M3X9	1	0.00	0.00	0.0010
Q2NKX8	53	26.04	32.57	0.0010
Q2NL67	38	20.75	25.49	0.0020
Q2Q1W2	81	16.59	28.80	0.0010
Q2QGD7	27	23.34	35.47	0.0010
Q2VIR3	1	0.00	0.00	0.0010
Q2VWP7	1	0.00	0.00	0.0010
Q2VY69	1	0.00	0.00	0.0010
Q2Y0W8	21	20.93	33.75	0.0010
Q32M45	19	27.92	41.95	0.0010
Q32MK0	6	10.50	22.09	0.0010
Q32P44	90	20.02	35.64	0.0010
Q3B726	3	4.20	17.67	0.0040
Q3B7J2	1	0.00	0.00	0.0010
Q3B8N2	13	26.66	29.17	0.1958
Q3C1V8	4	9.96	15.81	0.0679
Q3KNS6	1	0.00	0.00	0.0010
Q3KNV8	21	13.08	17.52	0.0010
Q3KQV9	64	32.60	31.67	0.7612
Q3KRA9	84	19.63	23.60	0.0010
Q3LIE5	1	0.00	0.00	0.0010
Q3MII6	122	23.36	37.90	0.0010
Q3MIR4	39	31.09	34.25	0.0909
Q3MJ16	4	5.57	31.90	0.0010
Q3MJ62	3	3.83	19.74	0.0010
Q3SXY7	3	3.84	25.16	0.0010
Q3SXY8	1	0.00	0.00	0.0010
Q3SXZ7	1	0.00	0.00	0.0010
Q3SY56	22	16.21	24.79	0.0010
Q3V5L5	29	17.74	33.20	0.0010
Q3ZCX4	3	4.31	22.03	0.0010
Q494W8	99	34.55	50.65	0.0010
Q494X3	1	0.00	0.00	0.0010
Q495B1	252	43.64	46.57	0.0010
Q495Y8	153	25.90	27.82	0.0010
Q499Z4	29	31.68	34.89	0.0599
Q49A17	13	22.53	31.47	0.0020
Q4AC99	2	3.15	14.46	0.0140
Q4G0F5	25	36.13	30.88	0.9910
Q4JDL3	180	21.63	25.29	0.0010
Q4KMG0	1	0.00	0.00	0.0010
Q4KMP7	44	17.70	24.99	0.0010
Q4KWH8	8	21.53	34.98	0.0030
Q4LDG9	1	0.00	0.00	0.0010
Q4VNC0	1	0.00	0.00	0.0010
Q4VNC1	3	4.74	33.70	0.0010
Q4VX76	27	16.54	25.97	0.0010
Q4VXU2	17	12.73	37.67	0.0010
Q504Q3	44	31.27	54.90	0.0010
Q50LG9	53	23.84	31.54	0.0010
Q52WX2	187	25.55	27.33	0.0020
Q53EL9	16	36.20	43.96	0.0869
Q53GT1	29	13.25	22.22	0.0010
Q53H76	1	0.00	0.00	0.0010
Q53HC5	28	15.93	22.64	0.0010
Q53RD9	26	17.96	39.28	0.0010
Q587J8	5	8.40	14.82	0.0060
Q58A45	19	41.90	36.65	0.9700
Q58EX2	7	39.63	62.62	0.0360
Q59EK9	63	16.49	21.10	0.0010
Q59H18	1	0.00	0.00	0.0010
Q5CZA5	2	25.95	19.03	0.7652
Q5DX21	4	24.03	23.96	0.4665
Q5EBL8	27	13.87	21.66	0.0010
Q5EBN2	2	5.40	11.02	0.1209
Q5FYA8	10	19.53	28.34	0.0070
Q5FYB0	5	14.13	22.49	0.0190
Q5FYB1	3	14.84	18.70	0.2148
Q5GLZ8	18	23.16	29.84	0.0010
Q5H9I0	2	2.27	13.89	0.0040
Q5H9L4	13	27.37	26.57	0.6004
Q5HY92	7	8.00	24.33	0.0010
Q5HY98	1	0.00	0.00	0.0010
Q5HYI8	2	3.10	11.29	0.0210
Q5JQF8	146	21.61	22.30	0.0010
Q5JR12	2	2.82	16.32	0.0080
Q5JS37	1	0.00	0.00	0.0010
Q5JSJ4	28	21.62	40.01	0.0010
Q5JSP0	12	25.15	31.69	0.0460
Q5JST6	10	59.60	73.12	0.0949
Q5JT25	4	11.26	15.60	0.0919
Q5JTN6	1	0.00	0.00	0.0010
Q5JTY5	51	18.29	26.92	0.0010
Q5JTZ9	2	15.78	14.92	0.5684
Q5JU69	2	3.53	12.91	0.0140
Q5JUK3	102	49.67	56.98	0.0030
Q5JZY3	152	32.54	66.75	0.0010
Q5MNZ9	1	0.00	0.00	0.0010
Q5PRF9	47	20.25	26.37	0.0010
Q5QJU3	1	0.00	0.00	0.0010
Q5RIA9	106	19.67	27.20	0.0010
Q5SGD2	25	15.82	22.80	0.0010
Q5SRE5	5	33.63	56.37	0.0539
Q5SYC1	19	17.56	23.56	0.0020
Q5SZQ8	22	20.24	26.99	0.0010
Q5T0B9	28	20.43	30.89	0.0010
Q5T0N5	38	47.32	54.15	0.0599
Q5T160	1	0.00	0.00	0.0010
Q5T1V6	1	0.00	0.00	0.0010
Q5T215	5	8.19	16.78	0.0040
Q5T2R2	9	13.39	23.91	0.0010
Q5T2W1	21	21.55	28.38	0.0010
Q5T442	59	38.75	37.17	0.8222
Q5T447	14	8.56	27.31	0.0010
Q5T4F7	16	17.35	28.00	0.0020
Q5T4T6	3	8.29	20.76	0.0080
Q5T5C0	25	37.27	45.42	0.0140
Q5T5M9	17	16.58	23.03	0.0010
Q5T619	9	25.49	32.01	0.0460
Q5T6J7	5	14.14	16.81	0.1828
Q5T6S3	85	22.48	29.08	0.0010
Q5T764	2	2.22	16.80	0.0020
Q5T9C9	38	22.36	27.31	0.0010
Q5TA89	3	3.48	13.44	0.0010
Q5TC12	26	11.44	21.58	0.0010
Q5TC63	2	3.94	12.39	0.0370
Q5TC82	25	26.13	32.45	0.0010
Q5TCH4	1	0.00	0.00	0.0010
Q5TCX8	178	27.61	29.55	0.0010
Q5TEA6	2	3.79	21.20	0.0190
Q5TEC3	108	35.38	39.12	0.0010
Q5TGI4	26	12.77	13.62	0.0699
Q5TGJ6	3	11.22	13.72	0.3636
Q5U4P2	32	12.57	20.67	0.0010
Q5U5R9	43	22.41	29.80	0.0010
Q5VSG8	12	15.17	23.76	0.0010
Q5VT99	19	21.63	27.75	0.0020
Q5VUG0	7	15.50	28.74	0.0050
Q5VUY0	12	17.25	24.16	0.0040
Q5VV42	5	17.40	23.34	0.0689
Q5VV52	6	5.24	25.80	0.0010
Q5VWQ0	80	24.15	27.37	0.0020
Q5VWQ8	6	18.34	27.57	0.0140
Q5VWW1	28	11.50	18.35	0.0010
Q5VWX1	1	0.00	0.00	0.0010
Q5VXD3	2	5.01	7.22	0.2238
Q5VYY2	2	11.67	12.46	0.4496
Q5VZ03	14	15.91	17.35	0.1129
Q5VZK9	11	28.19	39.55	0.0090
Q5VZM2	37	26.03	27.61	0.1518
Q5XXA6	41	26.09	43.37	0.0010
Q63HQ2	1	0.00	0.00	0.0010
Q64LD2	6	11.20	20.02	0.0010
Q66K79	2	2.73	13.56	0.0100
Q66LE6	34	23.35	30.49	0.0010
Q674R7	359	33.92	37.52	0.0010
Q684P5	5	14.94	25.17	0.0220
Q68DC2	105	17.76	38.66	0.0010
Q68DD2	1	0.00	0.00	0.0010
Q68DI1	1	0.00	0.00	0.0010
Q68DY1	1	0.00	0.00	0.0010
Q68G74	10	19.05	22.23	0.0969
Q6AI14	3	8.55	21.15	0.0140
Q6AW86	9	20.05	29.19	0.0080
Q6B0K9	10	11.20	17.57	0.0010
Q6BAA4	48	21.29	31.90	0.0010
Q6DJT9	13	21.28	30.88	0.0020
Q6DKI1	11	9.01	26.28	0.0010
Q6DKI2	7	11.77	27.17	0.0010
Q6DKJ4	69	15.77	19.23	0.0010
Q6EMK4	3	4.31	21.25	0.0010
Q6F5E8	50	30.70	43.17	0.0010
Q6GPI1	8	10.85	19.06	0.0010
Q6HA08	1	0.00	0.00	0.0010
Q6IA17	12	8.95	17.72	0.0010
Q6IA86	2	2.68	19.98	0.0040
Q6IAN0	1	0.00	0.00	0.0010
Q6ICH7	23	11.67	20.55	0.0010
Q6IE38	9	7.51	12.08	0.0010
Q6IPR3	1	0.00	0.00	0.0010
Q6IPT4	3	5.27	16.00	0.0020
Q6IQ16	3	17.94	24.63	0.2527
Q6IS24	23	20.33	31.95	0.0010
Q6IV72	4	17.17	27.04	0.0539
Q6IWH7	25	31.16	40.37	0.0020
Q6J9G0	3	3.87	17.12	0.0010
Q6JEL2	29	16.00	22.14	0.0010
Q6KCM7	3	4.96	17.57	0.0040
Q6KF10	77	32.28	37.58	0.0010
Q6MZM0	4	22.71	27.98	0.1728
Q6MZZ7	1	0.00	0.00	0.0010
Q6N022	25	30.52	51.28	0.0010
Q6N069	4	10.62	33.68	0.0010
Q6NT32	2	2.96	14.92	0.0070
Q6NT55	3	4.22	19.86	0.0010
Q6NT76	23	18.44	24.42	0.0010
Q6NUK1	4	11.44	19.59	0.0170
Q6NUN9	64	21.74	30.88	0.0010
Q6NXR0	2	2.66	15.76	0.0090
Q6NXT1	60	22.85	36.15	0.0010
Q6P087	1	0.00	0.00	0.0010
Q6P1K8	80	31.69	33.54	0.0959
Q6P1L6	1	0.00	0.00	0.0010
Q6P1R4	6	16.39	20.91	0.0789
Q6P2I3	1	0.00	0.00	0.0010
Q6P2M8	22	22.36	25.24	0.0440
Q6P461	1	0.00	0.00	0.0010
Q6P4Q7	3	3.68	25.18	0.0010
Q6P5W5	1	0.00	0.00	0.0010
Q6P5Z2	3	13.46	17.46	0.2128
Q6P6B7	23	13.83	36.97	0.0010
Q6P9A1	1	0.00	0.00	0.0010
Q6P9A2	3	21.33	21.63	0.4735
Q6P9F7	16	25.96	59.30	0.0010
Q6P9G0	5	10.53	23.01	0.0050
Q6P9G9	16	22.21	33.12	0.0010
Q6PCB5	38	27.76	27.62	0.5475
Q6PEY0	1	0.00	0.00	0.0010
Q6PEY2	1	0.00	0.00	0.0010
Q6PF15	6	7.87	19.11	0.0010
Q6PF18	5	7.25	24.39	0.0020
Q6PI25	47	22.65	23.76	0.1648
Q6PI73	1	0.00	0.00	0.0010
Q6PIF6	1	0.00	0.00	0.0010
Q6PII5	45	15.43	21.61	0.0010
Q6PIL6	4	5.32	17.80	0.0010
Q6PIU1	110	32.73	41.15	0.0010
Q6PIU2	3	3.34	17.53	0.0010
Q6PIY7	2	13.17	13.33	0.5105
Q6PJ21	8	12.75	18.76	0.0060
Q6PJG9	36	32.51	33.66	0.2777
Q6PL18	12	25.49	34.44	0.0070
Q6PL24	1	0.00	0.00	0.0010
Q6PXP3	1	0.00	0.00	0.0010
Q6Q0C0	81	20.51	24.79	0.0010
Q6Q4G3	1	0.00	0.00	0.0010
Q6Q788	1	0.00	0.00	0.0010
Q6QEF8	9	15.68	23.76	0.0010
Q6QHF9	54	17.41	30.80	0.0010
Q6S545	44	22.30	31.64	0.0010
Q6S8J3	2	2.97	14.21	0.0150
Q6SA08	2	2.64	13.00	0.0080
Q6STE5	26	16.26	48.60	0.0010
Q6T310	2	3.94	10.00	0.0509
Q6TCH7	3	5.42	17.76	0.0040
Q6TFL4	5	10.16	18.38	0.0100
Q6U736	15	14.61	24.81	0.0010
Q6U7Q0	26	21.99	34.71	0.0010
Q6U841	37	21.17	34.07	0.0010
Q6UB28	3	13.82	15.95	0.2877
Q6UB35	12	13.69	29.03	0.0010
Q6UVM3	37	50.07	53.42	0.1898
Q6UVY6	18	10.80	32.12	0.0010
Q6UW60	17	21.04	26.57	0.0060
Q6UWE3	1	0.00	0.00	0.0010
Q6UWM5	1	0.00	0.00	0.0010
Q6UWU2	2	2.74	16.19	0.0050
Q6UWX4	1	0.00	0.00	0.0010
Q6UWZ7	1	0.00	0.00	0.0010
Q6UX06	1	0.00	0.00	0.0010
Q6UX07	45	13.07	23.03	0.0010
Q6UX72	65	21.74	25.06	0.0010
Q6UX98	7	23.75	23.46	0.5115
Q6UXB4	14	12.17	27.82	0.0010
Q6UXB8	7	7.76	18.14	0.0010
Q6UXF7	24	10.17	22.92	0.0010
Q6UXG8	1	0.00	0.00	0.0010
Q6UXH1	1	0.00	0.00	0.0010
Q6UXK2	75	34.95	36.06	0.1608
Q6UXK5	3	8.21	24.49	0.0040
Q6UXM1	3	28.76	25.65	0.6234
Q6UXN9	80	20.57	23.39	0.0010
Q6UXS0	1	0.00	0.00	0.0010
Q6UXU4	69	36.16	32.67	0.9970
Q6UXY1	17	25.73	37.12	0.0030
Q6UXZ4	6	20.01	25.97	0.0959
Q6UY11	26	48.65	50.31	0.2967
Q6W4X9	28	35.48	70.93	0.0010
Q6XE24	8	15.14	19.76	0.0390
Q6XYQ8	1	0.00	0.00	0.0010
Q6ZMS4	4	4.54	26.08	0.0010
Q6ZMY9	8	19.45	32.04	0.0040
Q6ZN44	9	26.07	27.39	0.3556
Q6ZN54	10	31.02	29.20	0.6533
Q6ZN55	2	9.06	18.16	0.1239
Q6ZNF0	3	14.51	18.42	0.2068
Q6ZNG0	2	2.94	16.98	0.0140
Q6ZNH5	15	28.56	33.51	0.0589
Q6ZNQ3	3	4.39	18.64	0.0020
Q6ZP65	12	26.04	106.08	0.0010
Q6ZQY2	1	0.00	0.00	0.0010
Q6ZR08	21	56.33	86.81	0.0050
Q6ZRI0	15	33.06	76.68	0.0010
Q6ZRI8	19	15.55	21.87	0.0010
Q6ZRP7	19	23.05	34.38	0.0010
Q6ZRS2	17	20.04	49.17	0.0010
Q6ZS10	5	10.39	15.20	0.0350
Q6ZS72	88	20.97	27.99	0.0010
Q6ZS86	11	20.11	26.91	0.0120
Q6ZSA7	3	19.71	15.68	0.7932
Q6ZSI9	14	12.43	36.19	0.0010
Q6ZSM3	3	11.78	19.06	0.0739
Q6ZT52	74	17.58	19.33	0.0020
Q6ZUT3	8	15.81	26.04	0.0020
Q6ZV70	78	21.82	26.84	0.0010
Q6ZV73	4	20.32	25.12	0.1958
Q6ZVX7	17	17.48	24.00	0.0030
Q6ZVZ8	190	23.80	36.83	0.0010
Q6ZWB6	76	34.75	37.82	0.0220
Q6ZWL3	7	12.88	25.43	0.0010
Q70EK9	56	29.07	35.57	0.0010
Q70IA8	10	18.15	20.18	0.1449
Q70Z35	8	35.67	40.47	0.2098
Q76KX8	1	0.00	0.00	0.0010
Q76MJ5	1	0.00	0.00	0.0010
Q7L099	12	10.14	19.47	0.0010
Q7L273	45	16.70	21.08	0.0010
Q7L2E3	235	31.61	39.03	0.0010
Q7L2J0	51	22.04	26.26	0.0010
Q7L3B6	3	3.99	33.75	0.0020
Q7L3S4	209	32.53	34.07	0.0010
Q7L3T8	2	17.54	16.74	0.5634
Q7L592	1	0.00	0.00	0.0010
Q7L5A8	28	18.07	30.51	0.0010
Q7L5Y9	46	25.89	43.85	0.0010
Q7L7L0	20	17.98	25.47	0.0010
Q7L7V1	1	0.00	0.00	0.0010
Q7L8C5	1	0.00	0.00	0.0010
Q7L8J4	11	33.06	37.59	0.1758
Q7L8S5	54	16.39	20.39	0.0010
Q7L8W6	2	14.35	11.82	0.6873
Q7L985	10	24.47	36.40	0.0170
Q7LC44	22	23.85	27.86	0.0290
Q7LGA3	11	17.37	24.13	0.0050
Q7RTM1	11	23.72	34.41	0.0050
Q7RTR2	3	31.07	26.95	0.6963
Q7RTS6	4	12.61	27.04	0.0100
Q7RTT9	4	14.23	23.49	0.0370
Q7RTU0	17	12.79	22.37	0.0010
Q7RTV3	20	16.61	23.82	0.0010
Q7RTX9	2	10.86	15.36	0.2887
Q7RTY0	4	4.56	20.12	0.0010
Q7RTY1	1	0.00	0.00	0.0010
Q7Z2Q7	2	2.36	17.12	0.0030
Q7Z2T5	15	22.27	28.24	0.0070
Q7Z2W7	7	5.85	48.29	0.0010
Q7Z392	4	30.42	37.48	0.2418
Q7Z3Q1	1	0.00	0.00	0.0010
Q7Z3S7	7	29.75	37.11	0.0859
Q7Z3S9	32	28.35	44.43	0.0010
Q7Z3V4	1	0.00	0.00	0.0010
Q7Z3Z3	2	2.71	20.61	0.0020
Q7Z419	1	0.00	0.00	0.0010
Q7Z444	36	13.56	19.16	0.0010
Q7Z449	16	20.57	28.22	0.0010
Q7Z478	2	5.40	19.02	0.0250
Q7Z4L9	1	0.00	0.00	0.0010
Q7Z4N2	1	0.00	0.00	0.0010
Q7Z4N8	22	20.63	33.61	0.0010
Q7Z4P5	116	30.55	37.13	0.0010
Q7Z5J1	43	19.81	21.99	0.0100
Q7Z5L3	27	13.88	18.23	0.0010
Q7Z5P4	1	0.00	0.00	0.0010
Q7Z5R6	6	13.18	28.90	0.0030
Q7Z5Y6	75	38.26	38.67	0.3686
Q7Z614	47	14.37	23.44	0.0010
Q7Z6B7	1	0.00	0.00	0.0010
Q7Z6J4	2	2.85	16.72	0.0060
Q7Z6J6	27	18.55	27.88	0.0010
Q7Z736	137	35.98	38.04	0.0080
Q7Z7A3	230	28.04	27.28	0.9940
Q7Z7H5	12	15.48	18.01	0.0939
Q7Z7J7	46	21.78	25.78	0.0020
Q7Z7J9	16	10.17	14.63	0.0010
Q7Z7K2	47	30.43	36.60	0.0010
Q7Z7L1	1	0.00	0.00	0.0010
Q86SG2	12	26.58	28.53	0.2278
Q86SG6	1	0.00	0.00	0.0010
Q86SJ2	5	27.38	25.14	0.6414
Q86SK9	1	0.00	0.00	0.0010
Q86SQ4	3	46.92	34.56	0.8372
Q86SS6	3	3.19	21.02	0.0010
Q86T29	61	30.63	35.28	0.0020
Q86T65	1	0.00	0.00	0.0010
Q86TI4	32	15.71	24.78	0.0010
Q86TL0	1	0.00	0.00	0.0010
Q86TM6	17	22.81	28.09	0.0150
Q86TN4	2	9.12	11.66	0.3297
Q86TX2	81	24.26	29.03	0.0010
Q86U42	10	24.36	21.66	0.8202
Q86U90	79	21.74	23.47	0.0040
Q86UA1	45	37.33	45.67	0.0070
Q86UE6	42	21.55	30.40	0.0010
Q86UK0	3	5.26	44.04	0.0010
Q86UN2	16	18.75	26.46	0.0010
Q86UN3	123	23.26	33.05	0.0010
Q86UP0	3	39.59	46.88	0.3217
Q86UV5	30	23.10	28.86	0.0020
Q86UV6	2	16.43	10.48	0.8761
Q86UV7	11	12.05	19.08	0.0020
Q86UX6	16	12.65	27.68	0.0010
Q86UY8	10	26.70	27.86	0.3616
Q86V21	3	7.97	21.51	0.0070
Q86V86	114	20.85	24.22	0.0010
Q86V97	30	16.29	31.08	0.0010
Q86VD1	10	16.53	31.75	0.0010
Q86VD7	86	24.38	26.87	0.0020
Q86VH4	12	23.77	28.64	0.0569
Q86VH5	17	22.72	29.47	0.0060
Q86VL8	2	2.46	14.95	0.0020
Q86VY4	8	13.30	25.08	0.0050
Q86VZ1	43	25.75	25.70	0.5155
Q86W10	1	0.00	0.00	0.0010
Q86W74	5	14.57	16.77	0.2328
Q86WA8	40	70.21	68.41	0.6513
Q86WG5	8	15.66	31.86	0.0010
Q86WK6	40	21.05	30.56	0.0010
Q86WK7	15	26.52	29.19	0.1638
Q86WR0	6	10.48	15.11	0.0240
Q86WT1	1	0.00	0.00	0.0010
Q86WV1	9	13.51	23.22	0.0010
Q86X27	8	22.33	21.85	0.5425
Q86XF7	5	19.22	21.49	0.2517
Q86XJ0	6	6.73	30.58	0.0010
Q86XK7	1	0.00	0.00	0.0010
Q86XP3	49	25.79	33.29	0.0010
Q86XR2	44	37.21	33.89	0.9870
Q86XS8	34	17.19	18.92	0.0310
Q86Y79	42	13.55	19.62	0.0010
Q86Y91	23	13.71	28.12	0.0010
Q86YB8	12	25.36	27.93	0.2068
Q86YC3	2	8.49	21.01	0.1079
Q86YD1	7	7.76	17.89	0.0010
Q86YG4	1	0.00	0.00	0.0010
Q86YM7	2	2.84	13.49	0.0220
Q86YQ8	8	22.71	32.27	0.0160
Q86YR6	95	19.11	27.52	0.0010
Q86YV0	122	26.54	32.60	0.0010
Q86YW0	1	0.00	0.00	0.0010
Q86Z23	19	11.47	18.03	0.0010
Q8IUC4	4	13.45	23.93	0.0330
Q8IUE0	18	10.74	15.04	0.0010
Q8IUE6	27	14.87	25.77	0.0010
Q8IUF1	8	15.91	24.02	0.0040
Q8IUG5	1	0.00	0.00	0.0010
Q8IUH2	13	7.47	19.71	0.0010
Q8IUH4	1	0.00	0.00	0.0010
Q8IUK8	21	13.23	18.46	0.0010
Q8IUM7	31	18.45	29.62	0.0010
Q8IUQ0	5	5.34	19.96	0.0010
Q8IUR0	58	18.13	20.89	0.0010
Q8IUX7	8	19.76	24.64	0.0470
Q8IUZ5	1	0.00	0.00	0.0010
Q8IV04	7	15.21	21.97	0.0160
Q8IV13	18	15.58	25.56	0.0010
Q8IV20	1	0.00	0.00	0.0010
Q8IV45	1	0.00	0.00	0.0010
Q8IV53	26	16.91	28.38	0.0010
Q8IV61	4	14.47	27.94	0.0140
Q8IVU1	6	21.78	61.27	0.0050
Q8IVU3	4	9.98	18.76	0.0100
Q8IVW1	39	14.19	19.21	0.0010
Q8IW41	17	24.38	28.26	0.0659
Q8IW93	9	21.33	29.79	0.0140
Q8IWQ3	105	23.10	30.04	0.0010
Q8IWU5	24	18.07	26.76	0.0010
Q8IWU6	2	10.17	12.92	0.3157
Q8IWV2	9	60.91	65.83	0.2997
Q8IWX7	1	0.00	0.00	0.0010
Q8IWZ3	42	54.52	59.34	0.1019
Q8IX18	74	29.03	35.84	0.0010
Q8IXA5	1	0.00	0.00	0.0010
Q8IXF0	44	39.54	33.12	1.0000
Q8IXH8	2	6.54	33.84	0.0609
Q8IXQ6	1	0.00	0.00	0.0010
Q8IXS8	4	8.02	21.21	0.0010
Q8IXV7	7	13.89	20.20	0.0050
Q8IY34	111	21.82	33.23	0.0010
Q8IY37	36	19.24	43.49	0.0010
Q8IY45	1	0.00	0.00	0.0010
Q8IY81	6	12.24	30.02	0.0050
Q8IY84	2	2.79	14.67	0.0070
Q8IYB4	48	14.10	26.43	0.0010
Q8IYB7	15	13.48	36.77	0.0010
Q8IYD1	93	30.41	32.28	0.0220
Q8IYD2	4	4.79	17.25	0.0010
Q8IYJ1	23	27.94	35.55	0.0030
Q8IYJ3	53	20.86	25.43	0.0010
Q8IYK4	18	9.75	22.12	0.0010
Q8IYL9	1	0.00	0.00	0.0010
Q8IYS1	65	19.21	30.06	0.0010
Q8IYT4	5	5.39	25.47	0.0010
Q8IYU2	24	20.77	30.19	0.0010
Q8IYX1	1	0.00	0.00	0.0010
Q8IYX4	67	17.57	24.13	0.0010
Q8IZ69	4	8.75	23.31	0.0030
Q8IZ73	3	9.18	21.11	0.0340
Q8IZ83	13	31.12	33.60	0.2108
Q8IZD9	61	56.16	66.90	0.0010
Q8IZH2	23	55.69	62.60	0.0330
Q8IZJ1	2	11.58	15.76	0.3227
Q8IZJ3	40	51.05	56.02	0.0539
Q8IZL9	4	5.65	20.43	0.0010
Q8IZP6	3	3.78	35.63	0.0020
Q8IZP7	43	17.44	27.34	0.0010
Q8IZS8	16	38.42	40.41	0.2537
Q8IZV5	89	17.67	23.74	0.0010
Q8IZX4	1	0.00	0.00	0.0010
Q8IZY2	16	53.18	66.56	0.0240
Q8N0U8	36	20.56	23.11	0.0250
Q8N0V4	12	25.09	36.94	0.0070
Q8N0V5	1	0.00	0.00	0.0010
Q8N0Y2	58	21.73	24.64	0.0010
Q8N0Y7	8	11.18	20.40	0.0010
Q8N0Z8	35	15.88	25.77	0.0010
Q8N100	22	25.34	23.07	0.8811
Q8N118	1	0.00	0.00	0.0010
Q8N119	75	21.71	34.29	0.0010
Q8N126	9	26.28	38.38	0.0340
Q8N135	13	33.31	37.08	0.1628
Q8N139	1	0.00	0.00	0.0010
Q8N141	1	0.00	0.00	0.0010
Q8N142	8	10.43	24.86	0.0010
Q8N143	4	8.01	20.09	0.0030
Q8N144	78	26.55	28.53	0.0380
Q8N159	50	27.32	33.07	0.0010
Q8N165	46	19.06	28.21	0.0010
Q8N184	1	0.00	0.00	0.0010
Q8N1C3	6	6.23	37.67	0.0010
Q8N1E6	88	34.79	32.52	0.9930
Q8N1I0	40	55.01	66.01	0.0020
Q8N1M1	1	0.00	0.00	0.0010
Q8N1V2	1	0.00	0.00	0.0010
Q8N1W2	19	27.56	33.11	0.0170
Q8N201	17	63.93	55.88	0.9361
Q8N239	85	23.72	25.83	0.0110
Q8N2A8	40	19.20	20.63	0.0649
Q8N2G8	1	0.00	0.00	0.0010
Q8N2H9	28	18.66	26.30	0.0010
Q8N2R0	18	15.46	24.05	0.0010
Q8N2W9	53	24.58	29.54	0.0010
Q8N3C0	13	44.08	50.73	0.0889
Q8N3J6	10	26.82	39.81	0.0200
Q8N3J9	2	19.17	18.32	0.5734
Q8N3T1	1	0.00	0.00	0.0010
Q8N428	12	22.11	30.98	0.0050
Q8N441	25	23.51	44.04	0.0010
Q8N442	1	0.00	0.00	0.0010
Q8N461	173	24.41	31.91	0.0010
Q8N474	27	12.47	28.51	0.0010
Q8N490	3	4.70	15.87	0.0030
Q8N4N3	40	13.83	22.81	0.0010
Q8N4S7	3	4.26	17.44	0.0010
Q8N568	24	13.29	26.35	0.0010
Q8N5C6	2	4.88	22.50	0.0210
Q8N5L8	1	0.00	0.00	0.0010
Q8N5M1	2	2.70	13.05	0.0120
Q8N5S1	1	0.00	0.00	0.0010
Q8N5V2	23	24.98	31.85	0.0030
Q8N5X7	42	16.25	26.03	0.0010
Q8N5Y2	9	19.69	32.32	0.0010
Q8N5Z5	63	31.15	37.07	0.0020
Q8N695	4	15.40	21.66	0.0839
Q8N697	83	25.50	33.68	0.0010
Q8N6C5	27	43.23	50.92	0.0230
Q8N6D5	5	10.27	25.81	0.0020
Q8N6M0	29	14.26	20.38	0.0010
Q8N6M5	1	0.00	0.00	0.0010
Q8N6Y1	3	104.41	63.60	0.9231
Q8N7A1	2	2.36	12.42	0.0060
Q8N7X4	3	3.71	18.14	0.0010
Q8N819	114	21.02	28.02	0.0010
Q8N831	1	0.00	0.00	0.0010
Q8N895	8	7.29	30.57	0.0010
Q8N8A2	14	60.69	61.69	0.4426
Q8N8B7	15	30.65	36.05	0.0709
Q8N8E2	7	17.53	28.56	0.0020
Q8N8U2	7	9.09	20.15	0.0010
Q8N8U9	5	9.79	32.46	0.0010
Q8N8V2	2	3.14	23.33	0.0150
Q8N8X9	1	0.00	0.00	0.0010
Q8N8Z8	4	24.65	26.83	0.3576
Q8N967	3	4.14	15.38	0.0020
Q8N972	6	15.55	29.73	0.0030
Q8N988	4	4.81	26.99	0.0010
Q8N9F8	5	5.14	29.80	0.0010
Q8N9I0	18	13.27	24.86	0.0010
Q8N9I9	38	16.49	24.93	0.0010
Q8N9L1	25	16.94	28.94	0.0010
Q8N9N7	5	6.10	18.91	0.0010
Q8NA29	13	13.45	27.83	0.0010
Q8NA58	3	16.29	26.38	0.1748
Q8NAF0	131	26.88	30.86	0.0010
Q8NB46	146	56.68	66.09	0.0010
Q8NB66	6	52.12	59.42	0.2757
Q8NB90	3	16.07	24.14	0.1139
Q8NBI6	16	13.26	23.28	0.0010
Q8NBS3	7	9.50	29.56	0.0010
Q8NBS9	3	3.99	24.28	0.0010
Q8NBT0	3	16.95	17.29	0.5095
Q8NBT2	1	0.00	0.00	0.0010
Q8NBW4	1	0.00	0.00	0.0010
Q8NC42	36	16.37	19.21	0.0020
Q8NC60	3	11.64	24.24	0.0400
Q8NC69	16	10.79	16.13	0.0010
Q8NCA9	22	28.92	30.44	0.2168
Q8NCB2	67	22.20	26.16	0.0010
Q8NCF0	60	21.43	23.41	0.0140
Q8NCI6	2	4.73	16.32	0.0260
Q8NCK7	32	19.94	26.26	0.0010
Q8NCM2	42	39.86	55.97	0.0010
Q8NCN5	3	11.00	24.49	0.0120
Q8NCT1	32	21.65	31.21	0.0010
Q8NCW0	123	23.14	25.99	0.0010
Q8NCW6	3	20.14	23.26	0.3327
Q8ND23	9	36.83	38.06	0.3886
Q8NDG6	8	17.35	31.23	0.0010
Q8NDH3	41	30.76	29.40	0.8362
Q8NDL9	25	14.89	34.25	0.0010
Q8NDN9	9	12.15	21.27	0.0010
Q8NDW4	2	3.70	18.36	0.0180
Q8NDX1	33	18.73	29.70	0.0010
Q8NDX2	1	0.00	0.00	0.0010
Q8NDX6	33	15.30	23.16	0.0010
Q8NE62	12	20.70	27.47	0.0030
Q8NE63	14	12.17	26.41	0.0010
Q8NEE6	3	3.28	22.92	0.0010
Q8NEG4	4	5.15	15.80	0.0010
Q8NEK8	11	14.55	25.21	0.0010
Q8NER1	6	9.28	39.43	0.0010
Q8NER5	1	0.00	0.00	0.0010
Q8NES3	20	16.75	23.57	0.0010
Q8NEY4	1	0.00	0.00	0.0010
Q8NF86	51	21.03	21.61	0.2458
Q8NF99	1	0.00	0.00	0.0010
Q8NFL0	19	16.85	24.46	0.0010
Q8NFM4	14	54.14	54.26	0.4635
Q8NFN8	3	4.30	18.69	0.0010
Q8NFP4	90	40.97	53.28	0.0010
Q8NFQ6	1	0.00	0.00	0.0010
Q8NFU0	53	22.42	38.67	0.0010
Q8NFU1	28	22.38	36.89	0.0010
Q8NFV4	6	6.08	19.55	0.0010
Q8NFV5	1	0.00	0.00	0.0010
Q8NFW8	20	24.12	23.61	0.5744
Q8NFY4	18	18.88	30.79	0.0010
Q8NFZ3	229	27.47	30.35	0.0010
Q8NFZ8	53	40.84	43.92	0.0839
Q8NG06	4	4.52	33.89	0.0010
Q8NG11	22	21.71	29.04	0.0010
Q8NG35	2	2.95	6.57	0.1039
Q8NG68	33	18.06	28.07	0.0010
Q8NHE4	10	7.76	22.23	0.0010
Q8NHG8	2	2.43	9.66	0.0060
Q8NHH1	8	10.88	26.25	0.0010
Q8NHH9	18	14.10	29.05	0.0010
Q8NHM5	70	20.89	35.05	0.0010
Q8NHP8	25	25.06	28.24	0.0260
Q8NHQ9	7	13.42	25.20	0.0010
Q8NHV9	15	9.62	15.49	0.0010
Q8NI29	35	20.18	29.07	0.0010
Q8NI37	76	17.32	23.22	0.0010
Q8NI38	14	32.15	31.80	0.5325
Q8NI51	13	10.65	31.03	0.0010
Q8TAD2	28	19.09	22.13	0.0130
Q8TAE6	7	14.75	13.76	0.7093
Q8TAE7	116	34.00	41.24	0.0010
Q8TAF8	2	2.72	13.33	0.0150
Q8TAL6	6	5.22	45.27	0.0010
Q8TAP4	24	18.08	27.87	0.0010
Q8TAQ2	64	55.68	65.12	0.0050
Q8TAQ5	2	19.50	18.77	0.5624
Q8TAQ9	1	0.00	0.00	0.0010
Q8TAS1	10	17.11	24.52	0.0040
Q8TAT5	3	4.81	17.58	0.0010
Q8TAT6	61	29.88	32.47	0.0250
Q8TAV3	1	0.00	0.00	0.0010
Q8TAX0	31	14.50	22.78	0.0010
Q8TB45	1	0.00	0.00	0.0010
Q8TBE1	3	4.93	16.12	0.0070
Q8TBH0	27	19.81	31.51	0.0010
Q8TBJ5	61	23.19	26.11	0.0010
Q8TBN0	1	0.00	0.00	0.0010
Q8TBP0	16	20.72	25.75	0.0120
Q8TC07	3	21.15	18.53	0.6843
Q8TC17	59	28.60	28.74	0.4106
Q8TC44	1	0.00	0.00	0.0010
Q8TC94	4	6.80	21.24	0.0010
Q8TCG5	14	12.01	30.18	0.0010
Q8TCU5	5	5.98	47.04	0.0010
Q8TCW9	3	4.06	18.45	0.0010
Q8TCX5	1	0.00	0.00	0.0010
Q8TD08	2	6.82	13.66	0.1129
Q8TD17	10	10.79	30.15	0.0010
Q8TD19	5	10.99	20.66	0.0020
Q8TD20	5	12.06	26.61	0.0030
Q8TD57	2	41.29	52.60	0.4685
Q8TD90	1	0.00	0.00	0.0010
Q8TDC3	104	22.96	27.56	0.0010
Q8TDD1	7	6.97	25.44	0.0010
Q8TDF5	22	13.20	26.58	0.0010
Q8TDG4	1	0.00	0.00	0.0010
Q8TDI0	180	32.50	41.07	0.0010
Q8TDN6	1	0.00	0.00	0.0010
Q8TDQ7	1	0.00	0.00	0.0010
Q8TDR2	61	25.09	30.63	0.0010
Q8TDU9	1	0.00	0.00	0.0010
Q8TDW0	11	29.69	59.00	0.0010
Q8TDW5	1	0.00	0.00	0.0010
Q8TE57	3	3.78	29.76	0.0010
Q8TE58	8	15.73	40.25	0.0010
Q8TE60	1	0.00	0.00	0.0010
Q8TE73	5	49.67	100.95	0.0749
Q8TE85	6	10.76	21.11	0.0010
Q8TE96	3	27.22	25.21	0.6214
Q8TEB1	9	18.17	26.61	0.0230
Q8TED0	2	18.78	20.54	0.5065
Q8TET4	1	0.00	0.00	0.0010
Q8TEU7	5	16.61	37.48	0.0020
Q8TF32	1	0.00	0.00	0.0010
Q8TF39	10	24.29	33.28	0.0130
Q8TF45	1	0.00	0.00	0.0010
Q8TF46	16	18.39	45.36	0.0010
Q8TF50	5	14.35	27.97	0.0050
Q8TF65	2	2.43	17.54	0.0020
Q8TF68	17	20.46	29.62	0.0010
Q8TF71	4	9.34	20.92	0.0030
Q8WTQ7	3	22.38	22.74	0.4775
Q8WTR8	19	13.45	39.00	0.0010
Q8WTT2	1	0.00	0.00	0.0010
Q8WTU2	85	20.72	31.88	0.0010
Q8WTV0	6	18.33	24.09	0.0649
Q8WTV1	11	10.29	14.66	0.0010
Q8WTX9	1	0.00	0.00	0.0010
Q8WU68	1	0.00	0.00	0.0010
Q8WUA2	9	9.25	17.83	0.0010
Q8WUJ1	3	3.81	11.91	0.0010
Q8WUK0	2	9.33	9.63	0.4985
Q8WUM9	14	16.94	40.01	0.0010
Q8WUT4	29	20.61	27.97	0.0010
Q8WUT9	97	21.76	25.88	0.0010
Q8WV37	1	0.00	0.00	0.0010
Q8WV44	2	5.28	25.30	0.0410
Q8WV74	8	20.76	18.26	0.8731
Q8WVJ2	1	0.00	0.00	0.0010
Q8WVL7	2	2.75	13.82	0.0170
Q8WVP5	51	16.95	24.12	0.0010
Q8WVV9	12	12.13	20.57	0.0010
Q8WVY7	10	18.89	24.00	0.0230
Q8WVZ9	22	23.80	30.64	0.0030
Q8WW36	3	8.90	17.94	0.0859
Q8WW43	1	0.00	0.00	0.0010
Q8WW59	4	4.70	15.40	0.0010
Q8WWB7	1	0.00	0.00	0.0010
Q8WWH5	3	6.99	18.37	0.0110
Q8WWQ2	17	16.39	28.44	0.0010
Q8WWT9	4	19.95	27.48	0.1299
Q8WWY8	1	0.00	0.00	0.0010
Q8WWZ7	5	34.70	44.42	0.1808
Q8WX77	105	19.89	20.44	0.0090
Q8WXE1	33	13.66	29.76	0.0010
Q8WXH6	9	17.71	17.71	0.5005
Q8WXI4	6	18.80	22.11	0.1738
Q8WXK3	2	2.92	18.38	0.0190
Q8WXR4	1	0.00	0.00	0.0010
Q8WXX0	1	0.00	0.00	0.0010
Q8WXX5	21	17.34	18.49	0.1798
Q8WY07	39	15.89	34.42	0.0010
Q8WY21	10	37.72	49.38	0.0649
Q8WYA1	1	0.00	0.00	0.0010
Q8WYK2	3	4.06	22.38	0.0050
Q8WYR4	1	0.00	0.00	0.0010
Q8WZ04	3	10.52	14.36	0.1538
Q8WZ60	7	6.66	19.57	0.0010
Q8WZ75	1	0.00	0.00	0.0010
Q8WZA2	5	25.21	34.70	0.0529
Q92185	5	6.39	19.43	0.0010
Q92186	4	14.77	18.39	0.1578
Q92187	3	17.07	16.34	0.5594
Q92482	16	19.92	21.93	0.1279
Q92485	2	3.34	12.97	0.0210
Q92496	146	64.24	62.33	0.8711
Q92503	19	17.48	33.11	0.0010
Q92508	2	3.03	35.90	0.0050
Q92519	22	15.20	24.28	0.0010
Q92523	2	3.81	16.32	0.0160
Q92526	2	6.85	18.81	0.0879
Q92536	1	0.00	0.00	0.0010
Q92560	64	20.61	27.72	0.0010
Q92565	14	24.26	31.59	0.0070
Q92570	55	25.92	37.80	0.0010
Q92572	14	9.24	18.93	0.0010
Q92581	138	21.25	30.44	0.0010
Q92611	4	24.57	20.71	0.8212
Q92614	24	43.80	49.91	0.1359
Q92626	9	16.82	27.45	0.0010
Q92636	1	0.00	0.00	0.0010
Q92643	10	14.90	20.45	0.0030
Q92686	23	12.76	15.58	0.0010
Q92692	4	6.28	34.71	0.0010
Q92696	12	25.39	38.18	0.0050
Q92729	22	26.78	32.88	0.0060
Q92737	107	20.32	21.09	0.0470
Q92753	74	28.94	40.99	0.0010
Q92781	2	2.94	12.26	0.0150
Q92796	59	29.21	29.56	0.3876
Q92806	212	36.67	39.07	0.0010
Q92830	48	28.77	30.84	0.0569
Q92831	18	17.09	29.80	0.0010
Q92859	5	65.53	57.92	0.6753
Q92874	10	19.52	21.55	0.2028
Q92915	9	12.28	16.97	0.0060
Q92922	21	18.21	64.96	0.0010
Q92925	3	6.30	32.40	0.0020
Q92930	35	12.98	19.55	0.0010
Q92952	65	29.36	44.57	0.0010
Q92953	84	32.36	41.17	0.0010
Q92974	38	31.95	34.47	0.0669
Q92994	56	20.90	35.59	0.0010
Q92995	23	22.18	41.95	0.0010
Q93045	3	13.01	45.18	0.0380
Q93063	6	11.23	19.75	0.0020
Q93084	69	43.95	47.66	0.0360
Q93097	18	23.12	29.08	0.0170
Q93098	48	27.53	30.14	0.0559
Q969E8	35	12.07	18.32	0.0010
Q969F8	75	25.72	27.71	0.0240
Q969M1	9	13.89	25.15	0.0010
Q969P6	1	0.00	0.00	0.0010
Q969Q0	8	19.33	23.48	0.1379
Q969Q5	36	17.72	19.55	0.0210
Q969R2	19	15.01	27.91	0.0010
Q969S8	6	17.41	27.79	0.0070
Q969T4	33	14.26	20.71	0.0010
Q969V1	1	0.00	0.00	0.0010
Q969W1	1	0.00	0.00	0.0010
Q969W8	1	0.00	0.00	0.0010
Q969X0	17	10.71	22.56	0.0010
Q969Y2	1	0.00	0.00	0.0010
Q96A00	25	12.79	19.04	0.0010
Q96A09	2	3.24	14.11	0.0130
Q96A23	30	23.94	35.53	0.0010
Q96A32	9	17.93	22.21	0.0380
Q96A47	31	26.48	25.58	0.7243
Q96AC6	76	16.86	25.51	0.0010
Q96AG4	9	6.25	16.02	0.0010
Q96AJ9	1	0.00	0.00	0.0010
Q96B36	17	10.11	29.44	0.0010
Q96B86	1	0.00	0.00	0.0010
Q96BJ8	11	38.20	39.83	0.3746
Q96BR1	4	15.99	20.09	0.1808
Q96BS2	12	22.62	23.27	0.4136
Q96BV0	91	38.79	39.17	0.3766
Q96BW1	37	15.60	22.69	0.0010
Q96C10	8	17.93	31.60	0.0010
Q96C11	2	2.49	15.40	0.0030
Q96C24	4	20.94	20.32	0.5345
Q96C28	8	15.56	26.95	0.0020
Q96C55	31	20.32	25.55	0.0010
Q96C90	22	13.08	15.86	0.0050
Q96CF2	1	0.00	0.00	0.0010
Q96CM4	4	9.99	13.97	0.0649
Q96CM8	11	18.18	30.09	0.0010
Q96CN4	68	19.53	25.29	0.0010
Q96CS4	43	31.05	35.11	0.0070
Q96CX2	76	37.42	38.87	0.1379
Q96CX6	41	20.97	29.34	0.0010
Q96D21	8	18.62	18.84	0.4765
Q96DE9	1	0.00	0.00	0.0010
Q96DM1	4	4.24	27.20	0.0010
Q96DP5	1	0.00	0.00	0.0010
Q96DR5	1	0.00	0.00	0.0010
Q96DR7	13	11.50	31.95	0.0010
Q96DU9	63	26.95	38.37	0.0010
Q96DX4	32	12.26	20.52	0.0010
Q96EF6	21	15.54	28.19	0.0010
Q96EG1	1	0.00	0.00	0.0010
Q96EG3	62	33.31	36.71	0.0140
Q96EM0	16	15.07	24.03	0.0010
Q96EP1	3	17.97	20.71	0.3816
Q96EP5	70	20.32	23.91	0.0010
Q96EW2	3	4.68	16.01	0.0020
Q96EY1	1	0.00	0.00	0.0010
Q96EY5	2	9.07	9.96	0.4306
Q96F44	12	72.16	45.78	0.9990
Q96FA3	11	13.06	22.61	0.0010
Q96FC9	2	16.42	18.34	0.4096
Q96FL8	5	11.66	22.89	0.0030
Q96FL9	2	2.86	17.11	0.0070
Q96FN4	11	13.86	33.53	0.0010
Q96FN9	3	15.09	14.59	0.5564
Q96FT7	2	17.33	21.20	0.4845
Q96FV0	1	0.00	0.00	0.0010
Q96FZ7	2	3.07	20.15	0.0330
Q96G21	13	24.78	27.88	0.1708
Q96G28	1	0.00	0.00	0.0010
Q96G42	4	5.24	17.13	0.0010
Q96G46	30	18.88	26.29	0.0010
Q96G61	87	16.18	18.34	0.0010
Q96GD3	6	13.96	22.58	0.0090
Q96GJ1	6	21.13	26.98	0.0709
Q96GM8	1	0.00	0.00	0.0010
Q96GW9	31	24.79	33.42	0.0010
Q96H35	2	3.24	8.58	0.0659
Q96H79	67	25.23	25.73	0.3067
Q96H86	9	15.06	28.69	0.0010
Q96HD9	1	0.00	0.00	0.0010
Q96HF1	11	13.87	27.23	0.0010
Q96HQ2	6	6.04	14.41	0.0010
Q96I34	17	14.79	31.96	0.0010
Q96IG2	62	28.48	31.53	0.0060
Q96II8	4	5.49	20.50	0.0010
Q96IP4	46	21.23	27.11	0.0010
Q96IQ9	16	20.19	22.16	0.1808
Q96IR7	30	16.06	26.02	0.0010
Q96IS3	3	4.06	10.89	0.0030
Q96IV0	2	2.45	13.37	0.0060
Q96IW7	1	0.00	0.00	0.0010
Q96J65	3	4.93	34.79	0.0020
Q96J87	29	24.38	27.29	0.0210
Q96J94	21	23.11	37.37	0.0010
Q96JB1	16	44.45	120.49	0.0010
Q96JD6	1	0.00	0.00	0.0010
Q96JF0	3	19.07	16.70	0.7043
Q96JJ6	275	36.36	36.53	0.2947
Q96JK4	46	23.41	27.17	0.0010
Q96JL9	1	0.00	0.00	0.0010
Q96K58	66	24.98	36.72	0.0010
Q96K76	17	26.72	45.28	0.0020
Q96KK3	114	44.60	40.64	1.0000
Q96KK5	4	4.23	19.87	0.0010
Q96KN4	47	14.29	16.80	0.0010
Q96KN9	2	2.39	15.05	0.0050
Q96KX0	9	11.17	16.12	0.0040
Q96L12	2	2.83	20.57	0.0090
Q96L33	41	15.54	20.02	0.0010
Q96L42	11	43.34	46.41	0.2587
Q96L92	10	12.39	22.96	0.0010
Q96LZ2	5	21.27	20.42	0.5894
Q96M61	2	13.13	16.25	0.4286
Q96M93	3	16.62	19.77	0.2797
Q96M94	112	18.81	24.22	0.0010
Q96M96	13	18.61	29.37	0.0010
Q96MA6	1	0.00	0.00	0.0010
Q96MC5	3	6.15	20.32	0.0070
Q96MG8	26	11.97	20.62	0.0010
Q96MH2	6	5.24	35.35	0.0010
Q96MM7	78	18.94	26.25	0.0010
Q96MN2	1	0.00	0.00	0.0010
Q96MS0	66	42.60	72.64	0.0010
Q96MV8	41	23.87	30.02	0.0010
Q96MX3	5	5.67	32.18	0.0010
Q96MZ0	14	13.84	26.28	0.0010
Q96N77	8	14.92	24.30	0.0010
Q96N87	3	4.03	23.02	0.0010
Q96N96	2	5.46	17.13	0.0450
Q96ND8	4	22.16	25.79	0.2458
Q96NJ5	5	11.07	19.24	0.0060
Q96NJ6	1	0.00	0.00	0.0010
Q96NN9	11	19.30	25.79	0.0070
Q96NS5	21	19.63	41.26	0.0010
Q96NT1	8	6.24	26.82	0.0010
Q96P50	76	16.55	33.72	0.0010
Q96P65	1	0.00	0.00	0.0010
Q96PB7	6	7.34	26.31	0.0010
Q96PB8	11	10.65	19.49	0.0010
Q96PD5	55	16.34	21.87	0.0010
Q96PF1	3	22.52	25.59	0.3726
Q96PH1	12	12.15	37.85	0.0010
Q96PQ0	14	33.52	50.32	0.0050
Q96PQ6	2	2.70	17.59	0.0030
Q96PQ7	6	10.27	24.42	0.0010
Q96PR1	97	35.54	45.19	0.0010
Q96PU4	6	10.43	25.19	0.0010
Q96Q27	32	12.07	45.68	0.0010
Q96QA5	8	14.67	26.26	0.0010
Q96QE2	51	16.22	32.42	0.0010
Q96QH8	66	15.55	17.94	0.0010
Q96QI5	47	17.39	24.13	0.0010
Q96QR8	122	20.07	22.45	0.0010
Q96RD6	158	37.08	40.04	0.0030
Q96RF0	41	19.92	34.28	0.0010
Q96RJ6	8	16.76	21.52	0.1239
Q96RL6	5	7.07	53.88	0.0010
Q96RN1	1	0.00	0.00	0.0010
Q96RP8	49	28.46	40.91	0.0010
Q96RQ3	2	3.23	20.13	0.0050
Q96RQ9	69	22.29	29.84	0.0010
Q96S16	7	5.81	20.29	0.0010
Q96S21	50	17.66	19.74	0.0040
Q96S53	1	0.00	0.00	0.0010
Q96S94	24	22.82	24.17	0.2068
Q96SI1	16	29.50	34.13	0.0569
Q96SI9	23	19.60	28.55	0.0010
Q96SK3	2	3.35	16.95	0.0170
Q96SM3	1	0.00	0.00	0.0010
Q96SN7	10	17.01	26.32	0.0030
Q96SQ5	1	0.00	0.00	0.0010
Q96SQ9	8	10.49	25.86	0.0010
Q96SR6	1	0.00	0.00	0.0010
Q96SU4	16	19.99	26.83	0.0030
Q96SZ4	38	36.37	36.79	0.4026
Q96SZ5	105	22.27	25.56	0.0010
Q96SZ6	3	4.14	20.65	0.0010
Q96T37	71	31.52	33.37	0.0480
Q96T49	12	23.13	29.79	0.0360
Q96T54	8	11.71	25.09	0.0010
Q96T60	1	0.00	0.00	0.0010
Q96T76	12	44.59	50.10	0.1209
Q96T83	81	22.09	30.81	0.0010
Q96TA2	31	21.69	31.22	0.0010
Q99457	11	20.37	39.16	0.0010
Q99470	6	8.95	16.51	0.0010
Q99502	3	18.03	17.32	0.5654
Q99504	20	17.07	24.42	0.0010
Q99518	9	13.31	29.02	0.0010
Q99519	17	11.36	26.05	0.0010
Q99527	5	7.67	21.55	0.0010
Q99542	2	3.68	16.02	0.0180
Q99569	2	16.16	18.30	0.4565
Q99570	17	53.60	65.38	0.0040
Q99571	3	29.73	28.90	0.5504
Q99572	86	34.30	63.36	0.0010
Q99576	4	6.47	23.78	0.0020
Q99578	1	0.00	0.00	0.0010
Q99633	10	19.56	20.97	0.3267
Q99676	4	6.68	25.97	0.0010
Q99677	3	11.62	17.78	0.1039
Q99678	4	4.97	18.96	0.0010
Q99684	21	17.07	29.48	0.0010
Q99712	2	25.91	19.76	0.7133
Q99717	16	11.68	21.83	0.0010
Q99719	45	19.96	24.56	0.0010
Q99726	24	16.13	30.96	0.0010
Q99727	1	0.00	0.00	0.0010
Q99729	13	15.69	22.43	0.0010
Q99742	53	31.42	32.64	0.2158
Q99743	31	32.91	31.75	0.6983
Q99747	5	6.97	25.80	0.0010
Q99755	32	18.38	28.19	0.0010
Q99758	2	15.64	29.59	0.1698
Q99759	20	13.85	30.56	0.0010
Q99767	13	29.13	31.57	0.2218
Q99798	48	20.19	32.45	0.0010
Q99814	14	27.02	31.31	0.1249
Q99848	2	2.99	13.00	0.0320
Q99878	16	20.62	25.09	0.0809
Q99880	4	20.87	17.06	0.8262
Q99884	1	0.00	0.00	0.0010
Q99943	46	20.47	22.94	0.0050
Q99961	9	21.61	32.50	0.0230
Q99965	1	0.00	0.00	0.0010
Q99969	2	2.88	9.03	0.0260
Q99985	9	27.79	33.10	0.1459
Q9BPV8	1	0.00	0.00	0.0010
Q9BPW5	8	7.33	17.84	0.0010
Q9BPY8	1	0.00	0.00	0.0010
Q9BQ04	8	10.63	24.89	0.0010
Q9BQ39	16	26.00	28.27	0.1658
Q9BQ83	161	24.23	27.11	0.0010
Q9BQ87	37	20.79	25.14	0.0010
Q9BQ90	108	18.41	24.69	0.0010
Q9BQA5	2	15.06	15.28	0.4655
Q9BQD7	26	17.12	17.94	0.1658
Q9BQE3	24	21.11	26.87	0.0010
Q9BQG1	40	15.44	24.89	0.0010
Q9BQI3	6	16.65	31.30	0.0090
Q9BQL6	2	9.87	19.17	0.1578
Q9BQR3	2	11.61	10.98	0.5744
Q9BQS2	2	3.40	13.30	0.0200
Q9BQS7	14	27.05	34.88	0.0010
Q9BQW3	68	50.90	48.04	0.9071
Q9BR09	40	16.66	26.58	0.0010
Q9BR76	5	8.00	21.30	0.0010
Q9BRA0	30	13.91	16.51	0.0040
Q9BRC7	6	15.01	30.82	0.0010
Q9BRG2	53	22.65	24.34	0.0310
Q9BRI3	1	0.00	0.00	0.0010
Q9BRQ5	2	2.77	17.10	0.0130
Q9BRT8	4	11.10	20.47	0.0180
Q9BRU9	8	19.03	20.52	0.3796
Q9BRX9	15	16.21	21.88	0.0020
Q9BS31	2	2.85	17.57	0.0160
Q9BSC4	14	25.69	25.69	0.4805
Q9BSE5	19	17.63	23.63	0.0010
Q9BSH4	1	0.00	0.00	0.0010
Q9BSK4	123	29.75	42.44	0.0010
Q9BSU3	1	0.00	0.00	0.0010
Q9BSY9	21	11.10	19.46	0.0010
Q9BT43	1	0.00	0.00	0.0010
Q9BT88	2	17.55	12.97	0.7862
Q9BTC8	23	10.78	45.00	0.0010
Q9BTE7	14	16.92	22.43	0.0060
Q9BTN0	24	27.73	33.29	0.0220
Q9BTT6	6	5.09	31.49	0.0010
Q9BTX7	3	5.23	16.72	0.0020
Q9BTY2	6	13.92	25.20	0.0020
Q9BTY7	178	24.29	29.62	0.0010
Q9BU61	1	0.00	0.00	0.0010
Q9BUA6	5	4.65	20.62	0.0010
Q9BUD6	12	18.96	20.87	0.1728
Q9BUE6	1	0.00	0.00	0.0010
Q9BUF5	56	23.68	26.90	0.0010
Q9BUP0	4	4.83	12.86	0.0010
Q9BV35	12	11.29	24.06	0.0010
Q9BV94	11	22.87	25.54	0.1209
Q9BVA0	31	15.39	27.55	0.0010
Q9BVG3	5	27.66	39.43	0.1778
Q9BVG4	10	11.34	18.54	0.0010
Q9BVK6	7	7.71	16.81	0.0010
Q9BVQ7	101	25.50	40.13	0.0010
Q9BW11	6	5.10	24.22	0.0010
Q9BW27	7	5.63	31.59	0.0010
Q9BW60	13	11.97	23.14	0.0010
Q9BW72	5	5.05	15.44	0.0010
Q9BW92	11	35.28	36.80	0.3556
Q9BWD3	12	15.11	15.79	0.3347
Q9BWE0	81	32.77	37.73	0.0010
Q9BWF3	19	22.54	26.82	0.0390
Q9BWT6	3	47.90	39.96	0.5884
Q9BWU1	80	23.51	28.13	0.0010
Q9BWV1	2	3.35	17.48	0.0170
Q9BWV7	1	0.00	0.00	0.0010
Q9BX10	46	21.36	28.24	0.0010
Q9BX46	29	16.05	24.78	0.0010
Q9BX84	11	35.96	52.47	0.0050
Q9BXA5	1	0.00	0.00	0.0010
Q9BXA6	74	19.27	24.77	0.0010
Q9BXB4	12	14.73	26.02	0.0010
Q9BXC9	7	14.24	34.75	0.0010
Q9BXI6	11	13.22	23.08	0.0010
Q9BXJ1	2	7.62	9.73	0.3327
Q9BXJ2	2	11.01	9.73	0.6494
Q9BXJ3	113	24.61	25.55	0.0619
Q9BXK1	49	24.57	26.25	0.0470
Q9BXM7	2	3.78	14.58	0.0260
Q9BXN1	2	2.27	14.66	0.0030
Q9BXP2	25	38.69	48.95	0.0030
Q9BXS5	102	27.74	35.07	0.0010
Q9BXS9	1	0.00	0.00	0.0010
Q9BXT2	14	20.33	25.60	0.0280
Q9BXU8	15	16.65	21.82	0.0080
Q9BXU9	11	9.89	20.22	0.0010
Q9BXW7	1	0.00	0.00	0.0010
Q9BXY0	5	13.20	34.24	0.0260
Q9BXY4	2	2.84	10.92	0.0260
Q9BY08	44	14.14	22.67	0.0010
Q9BY19	1	0.00	0.00	0.0010
Q9BY44	1	0.00	0.00	0.0010
Q9BY66	136	37.81	47.16	0.0010
Q9BY67	7	8.95	37.91	0.0010
Q9BYC2	73	17.89	29.56	0.0010
Q9BYE2	1	0.00	0.00	0.0010
Q9BYE9	1	0.00	0.00	0.0010
Q9BYH8	10	10.99	26.27	0.0010
Q9BYJ1	11	16.41	33.11	0.0010
Q9BYJ4	1	0.00	0.00	0.0010
Q9BYL1	6	5.32	14.64	0.0010
Q9BYT1	7	12.33	24.41	0.0010
Q9BYT9	13	32.98	39.41	0.0639
Q9BZ11	76	17.61	31.60	0.0010
Q9BZA7	54	111.30	95.28	1.0000
Q9BZA8	84	83.55	95.51	0.0050
Q9BZC1	100	22.70	24.45	0.0010
Q9BZC7	243	59.71	78.06	0.0010
Q9BZF1	4	20.81	20.87	0.4815
Q9BZF2	13	17.52	25.68	0.0020
Q9BZF3	2	16.32	13.79	0.6823
Q9BZG1	1	0.00	0.00	0.0010
Q9BZG2	6	14.39	23.54	0.0100
Q9BZL4	127	32.55	32.48	0.5235
Q9BZL6	59	27.54	46.22	0.0010
Q9BZQ4	24	14.13	27.27	0.0010
Q9BZQ6	7	12.15	23.57	0.0010
Q9BZQ8	1	0.00	0.00	0.0010
Q9BZV1	4	7.30	21.39	0.0020
Q9C019	13	15.86	46.38	0.0010
Q9C098	3	15.60	17.34	0.3776
Q9C0C4	44	30.15	36.36	0.0020
Q9C0D6	2	1.95	23.70	0.0010
Q9C0E2	41	47.87	47.01	0.6983
Q9C0F3	3	10.28	23.65	0.0250
Q9C0G6	14	118.88	97.82	0.8731
Q9C0H6	18	18.17	21.63	0.0090
Q9C0I1	8	20.01	30.25	0.0070
Q9C0K7	2	11.27	14.69	0.3477
Q9GZM3	35	18.24	21.85	0.0040
Q9GZM7	17	19.73	24.02	0.0090
Q9GZM8	1	0.00	0.00	0.0010
Q9GZN4	7	5.66	18.79	0.0010
Q9GZP0	1	0.00	0.00	0.0010
Q9GZP4	31	15.26	19.17	0.0010
Q9GZP9	20	13.21	21.44	0.0010
Q9GZQ6	28	29.26	27.35	0.8352
Q9GZR1	3	12.22	22.71	0.0669
Q9GZR5	1	0.00	0.00	0.0010
Q9GZT5	16	30.56	31.17	0.4216
Q9GZU5	217	25.95	29.87	0.0010
Q9GZV1	5	14.83	29.95	0.0240
Q9GZV4	7	10.38	20.72	0.0020
Q9GZZ6	3	11.82	34.50	0.0290
Q9GZZ7	156	20.91	22.85	0.0010
Q9H013	7	31.19	27.41	0.8312
Q9H078	9	14.59	27.62	0.0010
Q9H093	7	22.82	22.13	0.6014
Q9H0A0	4	16.01	31.94	0.0090
Q9H0C2	1	0.00	0.00	0.0010
Q9H0C8	45	18.99	24.50	0.0010
Q9H0D6	36	24.15	37.92	0.0010
Q9H0E2	3	14.00	12.84	0.6314
Q9H0I9	2	15.21	18.13	0.4206
Q9H0K1	59	22.55	27.66	0.0010
Q9H0Q0	35	23.00	27.13	0.0080
Q9H0R5	4	21.63	35.36	0.1479
Q9H0R6	1	0.00	0.00	0.0010
Q9H0U9	2	2.67	14.07	0.0130
Q9H0V9	1	0.00	0.00	0.0010
Q9H0X9	1	0.00	0.00	0.0010
Q9H115	7	18.72	28.14	0.0300
Q9H116	37	29.73	35.23	0.0020
Q9H158	6	84.58	81.39	0.5485
Q9H160	19	15.35	24.41	0.0010
Q9H1B5	36	20.15	36.94	0.0010
Q9H1C0	45	29.96	26.46	0.9970
Q9H1J7	19	9.64	29.26	0.0010
Q9H1V8	20	16.06	32.05	0.0010
Q9H1X1	10	9.65	24.34	0.0010
Q9H1Y3	15	13.29	25.08	0.0010
Q9H1Z4	136	22.66	25.29	0.0010
Q9H213	14	8.62	18.27	0.0010
Q9H223	12	20.26	36.93	0.0010
Q9H228	57	26.68	27.98	0.1469
Q9H252	2	19.49	26.37	0.3357
Q9H267	3	3.97	23.59	0.0010
Q9H269	1	0.00	0.00	0.0010
Q9H2A2	2	4.53	15.40	0.0300
Q9H2B4	2	2.71	22.04	0.0070
Q9H2D1	6	15.48	22.00	0.0280
Q9H2E6	18	11.16	30.69	0.0010
Q9H2F3	1	0.00	0.00	0.0010
Q9H2I8	1	0.00	0.00	0.0010
Q9H2K2	23	50.18	44.04	0.9880
Q9H2R5	1	0.00	0.00	0.0010
Q9H2S1	83	31.03	44.37	0.0010
Q9H2S5	98	19.40	21.43	0.0010
Q9H2U1	14	28.52	38.71	0.0050
Q9H2U2	5	10.70	20.03	0.0030
Q9H2U9	1	0.00	0.00	0.0010
Q9H2X6	20	16.31	31.04	0.0010
Q9H329	25	11.73	27.67	0.0010
Q9H336	2	3.80	10.84	0.0539
Q9H3G5	1	0.00	0.00	0.0010
Q9H3H1	4	6.80	23.62	0.0010
Q9H3M0	106	38.45	40.73	0.0270
Q9H3R1	7	15.70	22.38	0.0200
Q9H3S1	5	12.88	29.33	0.0020
Q9H3T2	9	15.66	28.82	0.0020
Q9H3U1	8	20.16	36.33	0.0010
Q9H3U7	3	7.06	17.91	0.0120
Q9H3W5	2	2.39	17.31	0.0050
Q9H426	53	14.34	19.41	0.0010
Q9H427	54	29.57	29.93	0.3806
Q9H461	317	37.35	41.80	0.0010
Q9H479	14	10.46	25.26	0.0010
Q9H4A4	75	23.59	33.63	0.0010
Q9H4A9	1	0.00	0.00	0.0010
Q9H4D5	3	11.70	29.75	0.0410
Q9H4E5	6	8.61	17.92	0.0010
Q9H4F8	4	20.03	19.63	0.5495
Q9H4G0	16	20.85	27.40	0.0020
Q9H4I8	31	23.37	24.16	0.2527
Q9H4L4	42	19.34	23.13	0.0010
Q9H4L7	38	24.40	32.52	0.0010
Q9H4M9	37	25.90	38.99	0.0010
Q9H4Q4	7	16.30	19.28	0.1249
Q9H4W6	104	33.11	48.05	0.0010
Q9H4X1	10	7.52	14.11	0.0010
Q9H511	29	16.05	22.30	0.0010
Q9H568	9	9.05	25.26	0.0010
Q9H596	8	15.57	17.22	0.2438
Q9H5H4	81	35.74	35.51	0.5764
Q9H5I5	32	69.06	86.40	0.0030
Q9H5J4	58	20.00	24.66	0.0010
Q9H672	80	23.45	30.66	0.0010
Q9H6A0	6	23.69	25.08	0.3526
Q9H6B4	5	5.94	26.20	0.0010
Q9H6B9	3	7.76	15.75	0.0180
Q9H6D8	13	9.59	16.17	0.0010
Q9H6F2	1	0.00	0.00	0.0010
Q9H6Q4	7	12.28	22.55	0.0030
Q9H6R0	4	12.03	25.16	0.0070
Q9H6R4	7	17.59	39.33	0.0010
Q9H6R6	1	0.00	0.00	0.0010
Q9H6S0	7	22.88	36.85	0.0020
Q9H6Z9	18	20.91	22.07	0.2527
Q9H765	5	7.38	22.25	0.0010
Q9H772	9	13.11	27.60	0.0010
Q9H773	2	2.76	11.07	0.0220
Q9H7B2	2	2.95	18.00	0.0120
Q9H7D0	10	64.55	59.97	0.7273
Q9H7F0	12	34.27	46.06	0.0080
Q9H7H0	1	0.00	0.00	0.0010
Q9H7J1	81	17.84	19.20	0.0010
Q9H7X3	16	22.02	33.60	0.0010
Q9H7Z7	5	13.05	19.94	0.0200
Q9H857	8	18.73	26.92	0.0110
Q9H898	3	4.65	15.31	0.0080
Q9H8G1	3	20.19	23.10	0.3467
Q9H8M1	1	0.00	0.00	0.0010
Q9H8S5	13	15.31	21.70	0.0010
Q9H8X2	25	25.51	30.68	0.0110
Q9H903	1	0.00	0.00	0.0010
Q9H9D4	2	29.97	18.04	0.8901
Q9H9L3	1	0.00	0.00	0.0010
Q9H9P2	1	0.00	0.00	0.0010
Q9H9P8	1	0.00	0.00	0.0010
Q9H9S3	41	21.72	31.39	0.0010
Q9H9T3	5	13.43	23.76	0.0060
Q9H9Y2	4	12.76	24.08	0.0340
Q9H9Y6	76	27.72	47.32	0.0010
Q9HA65	3	18.32	18.96	0.4655
Q9HA77	7	17.52	32.00	0.0030
Q9HAF1	49	27.68	27.93	0.4196
Q9HAK2	26	37.83	47.01	0.0120
Q9HAT1	8	17.76	19.17	0.2527
Q9HAU8	247	35.39	34.78	0.8372
Q9HAV7	5	4.59	31.51	0.0010
Q9HAY2	2	3.92	15.78	0.0470
Q9HB14	52	23.95	30.25	0.0010
Q9HB15	190	30.61	31.57	0.0509
Q9HB63	2	8.31	22.56	0.1459
Q9HBG4	3	3.89	37.85	0.0010
Q9HBH0	12	9.42	18.73	0.0010
Q9HBH5	38	15.06	23.90	0.0010
Q9HBI6	1	0.00	0.00	0.0010
Q9HBJ0	3	4.48	12.62	0.0050
Q9HBK9	2	3.59	12.89	0.0250
Q9HBT6	4	47.59	54.26	0.3277
Q9HBT7	4	8.49	26.98	0.0020
Q9HBW0	24	11.80	25.96	0.0010
Q9HBX8	15	26.84	39.98	0.0010
Q9HBX9	2	13.89	16.66	0.4116
Q9HBZ2	9	6.51	33.29	0.0010
Q9HC29	2	13.50	19.66	0.2757
Q9HC35	4	18.60	26.85	0.1019
Q9HC56	3	33.47	65.32	0.1479
Q9HC96	16	15.90	30.01	0.0010
Q9HC97	22	20.08	24.91	0.0030
Q9HC98	20	13.40	26.29	0.0010
Q9HCE1	27	23.67	32.39	0.0010
Q9HCE7	26	25.92	35.90	0.0010
Q9HCE9	136	41.55	46.22	0.0010
Q9HCG7	12	20.92	33.76	0.0010
Q9HCH3	39	34.48	36.37	0.1608
Q9HCJ3	12	20.80	25.78	0.0410
Q9HCL3	5	11.13	27.06	0.0010
Q9HCM2	25	46.37	55.99	0.0140
Q9HCM4	3	32.84	21.81	0.8751
Q9HCM9	70	22.80	48.61	0.0010
Q9HCN4	1	0.00	0.00	0.0010
Q9HCN8	55	19.00	19.31	0.3087
Q9HCP6	3	5.77	21.47	0.0020
Q9HCS2	1	0.00	0.00	0.0010
Q9HCT0	27	11.86	17.67	0.0010
Q9HCX4	24	40.44	50.08	0.0110
Q9HD20	71	41.07	48.39	0.0010
Q9HD23	1	0.00	0.00	0.0010
Q9HD26	12	10.82	21.53	0.0010
Q9HD42	2	60.41	28.92	0.9570
Q9HD89	10	7.36	23.91	0.0010
Q9HDC5	55	26.73	29.36	0.0310
Q9HDC9	2	2.27	12.54	0.0020
Q9HDD0	42	15.08	23.90	0.0010
Q9NNW7	3	19.48	21.00	0.3906
Q9NP56	9	10.95	22.70	0.0010
Q9NP60	55	28.91	36.66	0.0010
Q9NP62	51	15.01	22.28	0.0010
Q9NP78	4	11.73	36.05	0.0030
Q9NP81	7	6.04	31.34	0.0010
Q9NP85	1	0.00	0.00	0.0010
Q9NP91	1	0.00	0.00	0.0010
Q9NPA2	6	21.00	27.19	0.0749
Q9NPA3	47	15.83	28.49	0.0010
Q9NPB3	2	2.28	10.91	0.0010
Q9NPB6	8	11.53	20.21	0.0040
Q9NPC1	16	16.28	25.89	0.0010
Q9NPC2	124	26.43	30.27	0.0010
Q9NPC7	10	16.17	27.71	0.0010
Q9NPC8	62	24.97	26.08	0.1369
Q9NPE6	20	16.26	22.04	0.0020
Q9NPF8	27	13.89	29.80	0.0010
Q9NPG1	10	33.54	37.12	0.2348
Q9NPH2	76	25.01	30.41	0.0010
Q9NPI5	1	0.00	0.00	0.0010
Q9NPJ8	32	15.69	19.88	0.0010
Q9NPP4	3	21.52	26.85	0.2448
Q9NPQ8	13	27.70	35.69	0.0310
Q9NPR2	18	26.69	35.13	0.0010
Q9NQ03	50	21.66	24.85	0.0010
Q9NQ11	19	26.52	47.47	0.0010
Q9NQ29	32	24.49	37.58	0.0010
Q9NQ30	1	0.00	0.00	0.0010
Q9NQ55	1	0.00	0.00	0.0010
Q9NQ66	83	23.71	40.24	0.0010
Q9NQE7	31	25.50	29.29	0.0100
Q9NQI0	48	17.25	27.27	0.0010
Q9NQR4	2	2.75	11.72	0.0070
Q9NQT6	1	0.00	0.00	0.0010
Q9NQV5	7	5.87	19.51	0.0010
Q9NQV7	1	0.00	0.00	0.0010
Q9NQX3	46	37.63	38.70	0.2947
Q9NQX6	14	26.25	33.73	0.0090
Q9NQZ5	9	11.45	19.84	0.0010
Q9NQZ8	4	23.64	24.15	0.4595
Q9NR12	2	2.36	14.01	0.0060
Q9NR19	26	16.89	32.83	0.0010
Q9NR20	1	0.00	0.00	0.0010
Q9NR33	1	0.00	0.00	0.0010
Q9NR34	6	24.61	23.26	0.6484
Q9NR46	24	41.17	42.65	0.3447
Q9NR63	43	22.59	31.05	0.0010
Q9NR64	1	0.00	0.00	0.0010
Q9NR81	19	14.99	32.22	0.0010
Q9NR82	67	43.61	54.89	0.0010
Q9NR96	21	15.12	45.86	0.0010
Q9NRA0	26	21.93	30.77	0.0010
Q9NRA2	2	3.04	15.70	0.0130
Q9NRD8	22	33.91	63.21	0.0010
Q9NRF9	11	7.66	18.90	0.0010
Q9NRG0	16	8.69	19.32	0.0010
Q9NRH3	33	22.89	27.52	0.0010
Q9NRL3	45	18.33	24.24	0.0010
Q9NRM0	3	11.39	19.58	0.0500
Q9NRM6	1	0.00	0.00	0.0010
Q9NRM7	22	25.46	32.63	0.0050
Q9NRS4	1	0.00	0.00	0.0010
Q9NRS6	12	11.60	18.15	0.0010
Q9NRU3	18	22.18	36.26	0.0010
Q9NRX3	7	5.85	22.74	0.0010
Q9NRX5	2	20.00	16.34	0.6913
Q9NRZ9	36	30.83	37.95	0.0030
Q9NS39	69	23.35	29.17	0.0010
Q9NS40	59	45.56	58.09	0.0010
Q9NS61	6	21.82	19.56	0.7992
Q9NS85	3	16.42	15.72	0.5594
Q9NS98	4	7.37	28.52	0.0010
Q9NSA2	67	36.61	40.06	0.0220
Q9NSC5	1	0.00	0.00	0.0010
Q9NSE2	2	3.81	12.21	0.0360
Q9NSE4	54	37.31	49.45	0.0010
Q9NSY0	46	24.42	24.43	0.4945
Q9NT62	11	14.63	24.66	0.0010
Q9NT99	160	30.56	33.55	0.0010
Q9NTI2	49	30.93	47.23	0.0010
Q9NTJ3	8	78.04	122.84	0.0240
Q9NTJ4	11	23.93	37.98	0.0010
Q9NTN9	1	0.00	0.00	0.0010
Q9NTU7	29	12.79	18.58	0.0010
Q9NTW7	29	27.74	35.56	0.0010
Q9NTX7	14	12.09	19.23	0.0010
Q9NU02	2	2.58	21.98	0.0030
Q9NUB1	3	21.30	21.27	0.5095
Q9NUE0	3	10.51	19.59	0.0849
Q9NUG4	63	32.58	35.73	0.0120
Q9NUL7	18	11.57	29.89	0.0010
Q9NUQ7	3	4.14	22.88	0.0010
Q9NUU7	40	18.08	30.73	0.0010
Q9NV31	13	10.99	26.85	0.0010
Q9NV79	1	0.00	0.00	0.0010
Q9NVE7	32	20.10	25.65	0.0010
Q9NVF9	16	13.70	25.11	0.0010
Q9NVG8	9	22.71	27.87	0.0759
Q9NVN3	9	31.14	32.55	0.3676
Q9NVP1	3	4.01	19.34	0.0020
Q9NVU7	4	30.42	30.07	0.5115
Q9NVX2	1	0.00	0.00	0.0010
Q9NVX7	3	15.14	19.14	0.2857
Q9NVZ3	9	11.36	17.39	0.0010
Q9NW07	115	30.41	33.32	0.0010
Q9NWM0	20	19.05	31.60	0.0010
Q9NWZ5	88	20.29	24.38	0.0010
Q9NX02	2	3.39	23.05	0.0080
Q9NX07	14	18.23	20.69	0.0759
Q9NX55	13	13.32	28.79	0.0010
Q9NX57	8	12.08	19.20	0.0020
Q9NX62	15	11.51	22.37	0.0010
Q9NXD2	5	20.30	28.86	0.0609
Q9NXF8	2	2.59	15.13	0.0020
Q9NXH9	6	15.21	27.67	0.0070
Q9NXJ5	1	0.00	0.00	0.0010
Q9NXL9	11	10.70	35.29	0.0010
Q9NXR5	25	14.70	33.65	0.0010
Q9NXS3	20	10.69	22.08	0.0010
Q9NXU5	1	0.00	0.00	0.0010
Q9NXW9	5	4.88	20.89	0.0010
Q9NXZ2	4	7.79	22.03	0.0010
Q9NY46	79	34.68	66.19	0.0010
Q9NY47	70	34.31	43.71	0.0010
Q9NY64	50	26.39	28.81	0.0330
Q9NY91	1	0.00	0.00	0.0010
Q9NY93	1	0.00	0.00	0.0010
Q9NYA4	94	23.56	32.49	0.0010
Q9NYC9	65	35.85	130.94	0.0010
Q9NYG2	13	9.91	26.61	0.0010
Q9NYJ7	67	53.37	79.60	0.0010
Q9NYM4	2	2.50	13.97	0.0010
Q9NYP7	5	9.05	20.00	0.0010
Q9NYQ3	1	0.00	0.00	0.0010
Q9NYR8	6	6.43	21.06	0.0010
Q9NYS7	16	16.72	32.23	0.0010
Q9NYU2	2	9.38	25.40	0.0619
Q9NZ32	7	19.25	25.57	0.0490
Q9NZ71	40	21.57	36.42	0.0010
Q9NZ72	39	40.75	66.99	0.0010
Q9NZ94	246	26.07	31.70	0.0010
Q9NZC3	11	7.22	22.22	0.0010
Q9NZC9	1	0.00	0.00	0.0010
Q9NZI5	21	17.30	24.08	0.0010
Q9NZI6	32	16.81	23.52	0.0010
Q9NZI7	21	17.08	23.12	0.0010
Q9NZJ0	13	21.50	32.05	0.0060
Q9NZL6	7	18.85	31.29	0.0060
Q9NZM6	1	0.00	0.00	0.0010
Q9NZN3	7	23.62	34.26	0.0639
Q9NZN4	21	22.02	38.46	0.0010
Q9NZQ8	8	18.26	51.43	0.0010
Q9NZR1	3	3.72	14.41	0.0010
Q9NZV8	98	32.62	40.09	0.0010
Q9NZW5	12	21.40	28.59	0.0050
Q9P003	3	5.44	14.27	0.0110
Q9P0J1	19	13.45	28.86	0.0010
Q9P0K7	1	0.00	0.00	0.0010
Q9P0T4	2	2.78	13.27	0.0230
Q9P0X4	325	46.30	56.80	0.0010
Q9P109	1	0.00	0.00	0.0010
Q9P1U1	69	21.87	30.74	0.0010
Q9P1Z3	6	32.07	40.26	0.1259
Q9P225	11	80.33	103.60	0.0959
Q9P232	5	50.07	58.95	0.2787
Q9P241	1	0.00	0.00	0.0010
Q9P244	75	32.43	34.50	0.0689
Q9P265	6	16.08	26.40	0.0070
Q9P273	71	39.93	52.54	0.0010
Q9P283	48	25.07	30.78	0.0010
Q9P2D7	29	97.71	105.23	0.3357
Q9P2E2	6	13.87	23.58	0.0060
Q9P2F9	53	31.62	33.88	0.0599
Q9P2G1	42	25.73	40.36	0.0010
Q9P2G3	23	13.41	22.18	0.0010
Q9P2G9	18	8.28	21.31	0.0010
Q9P2H3	1	0.00	0.00	0.0010
Q9P2J3	33	14.63	22.55	0.0010
Q9P2J9	2	8.40	14.95	0.1658
Q9P2N7	33	15.48	22.57	0.0010
Q9P2R3	12	57.61	57.07	0.4985
Q9P2S2	95	39.74	55.55	0.0010
Q9P2S6	2	3.34	21.67	0.0140
Q9P2U7	169	24.90	30.41	0.0010
Q9P2U8	25	16.26	29.43	0.0010
Q9P2V4	2	2.95	18.88	0.0100
Q9P2X3	4	10.94	20.47	0.0110
Q9P2Z0	5	6.59	15.13	0.0010
Q9UBC5	1	0.00	0.00	0.0010
Q9UBE8	70	22.58	27.85	0.0010
Q9UBF2	413	45.21	49.50	0.0010
Q9UBG0	68	51.77	57.10	0.0080
Q9UBG7	15	31.16	30.87	0.5435
Q9UBJ2	20	21.08	41.85	0.0010
Q9UBK5	5	5.32	17.05	0.0010
Q9UBL6	11	12.88	34.48	0.0010
Q9UBN1	41	18.69	27.11	0.0010
Q9UBN4	33	26.42	46.69	0.0010
Q9UBN7	247	30.30	35.09	0.0010
Q9UBQ6	3	3.35	16.41	0.0010
Q9UBS4	10	21.13	36.38	0.0040
Q9UBT7	1	0.00	0.00	0.0010
Q9UBU2	3	6.36	12.19	0.0430
Q9UBV2	12	19.96	38.52	0.0010
Q9UBV4	2	2.76	15.22	0.0080
Q9UBX3	11	8.57	26.58	0.0010
Q9UBX5	5	26.88	37.68	0.1459
Q9UBX7	2	10.19	10.80	0.4476
Q9UBX8	24	14.14	22.49	0.0010
Q9UBY0	27	16.68	30.73	0.0010
Q9UBZ4	48	20.12	24.92	0.0010
Q9UEE5	6	12.14	22.67	0.0030
Q9UEG4	126	30.39	34.27	0.0010
Q9UET6	52	17.02	21.97	0.0010
Q9UEW8	31	19.81	27.90	0.0010
Q9UEY8	2	2.12	12.16	0.0010
Q9UFB7	24	23.36	31.86	0.0010
Q9UFF9	14	16.01	21.73	0.0010
Q9UFH2	26	64.45	127.40	0.0020
Q9UG63	11	46.10	41.30	0.8072
Q9UGI6	63	41.78	44.44	0.1249
Q9UGJ0	23	17.73	25.62	0.0010
Q9UGK8	4	4.67	19.34	0.0010
Q9UGQ3	26	24.21	29.60	0.0070
Q9UH99	6	7.82	21.35	0.0010
Q9UHC3	4	6.60	32.35	0.0010
Q9UHC9	2	25.44	26.78	0.5235
Q9UHH9	24	13.51	23.88	0.0010
Q9UHJ3	4	25.53	24.79	0.5435
Q9UHK6	9	15.79	28.34	0.0010
Q9UHQ1	7	13.49	24.34	0.0010
Q9UHR4	7	7.79	37.97	0.0010
Q9UHY1	59	18.34	25.54	0.0010
Q9UI15	2	7.29	9.55	0.2937
Q9UI26	23	22.08	48.64	0.0010
Q9UI33	3	4.33	38.03	0.0010
Q9UIA0	11	24.85	33.89	0.0330
Q9UIB8	1	0.00	0.00	0.0010
Q9UIJ5	9	13.58	27.23	0.0010
Q9UIK5	1	0.00	0.00	0.0010
Q9UIM3	8	13.26	25.15	0.0010
Q9UIW2	28	55.97	56.44	0.4306
Q9UIX4	180	41.35	41.58	0.3826
Q9UJ04	6	5.18	24.05	0.0010
Q9UJ14	12	24.02	26.60	0.1219
Q9UJ96	179	37.56	41.49	0.0010
Q9UJ98	7	29.37	44.63	0.0180
Q9UJ99	72	46.11	69.56	0.0010
Q9UJA3	1	0.00	0.00	0.0010
Q9UJD0	1	0.00	0.00	0.0010
Q9UJF2	2	28.59	17.87	0.9041
Q9UJG1	5	6.25	14.55	0.0010
Q9UJK0	1	0.00	0.00	0.0010
Q9UJP4	21	13.01	21.70	0.0010
Q9UJT0	1	0.00	0.00	0.0010
Q9UJT9	40	29.03	31.48	0.0659
Q9UJV8	13	10.65	24.02	0.0010
Q9UJW0	18	25.80	43.08	0.0010
Q9UJX3	23	27.74	36.93	0.0010
Q9UJZ1	6	13.33	21.84	0.0310
Q9UK08	1	0.00	0.00	0.0010
Q9UK17	169	34.85	40.52	0.0010
Q9UK22	11	25.57	26.81	0.3566
Q9UK23	16	18.85	22.14	0.0270
Q9UK33	65	20.72	26.81	0.0010
Q9UK58	52	14.55	24.74	0.0010
Q9UK59	1	0.00	0.00	0.0010
Q9UKA8	1	0.00	0.00	0.0010
Q9UKF7	39	19.50	23.81	0.0010
Q9UKG4	2	21.51	18.38	0.6813
Q9UKI8	34	22.69	25.30	0.0210
Q9UKI9	7	6.16	22.29	0.0010
Q9UKL4	40	21.47	32.69	0.0010
Q9UKP4	14	26.68	41.72	0.0010
Q9UKP5	30	24.45	44.00	0.0010
Q9UKP6	41	29.40	25.68	0.9980
Q9UKR3	2	5.36	10.49	0.1099
Q9UKU0	2	11.87	16.36	0.2657
Q9UKU6	30	34.92	37.21	0.1508
Q9UKV0	42	16.75	25.42	0.0010
Q9UKW4	3	11.29	23.85	0.0280
Q9UKX3	7	33.41	77.35	0.0070
Q9UKX5	6	34.26	46.45	0.0959
Q9UKY4	6	12.38	34.13	0.0020
Q9UKZ4	178	50.72	53.05	0.0180
Q9UL12	20	31.67	34.79	0.0869
Q9UL17	30	18.75	22.74	0.0020
Q9UL26	20	12.47	20.29	0.0010
Q9UL33	2	2.81	9.57	0.0160
Q9UL51	151	47.97	50.64	0.0060
Q9ULB1	26	65.06	52.28	1.0000
Q9ULB4	4	54.81	53.66	0.4835
Q9ULB5	1	0.00	0.00	0.0010
Q9ULC3	1	0.00	0.00	0.0010
Q9ULC5	3	19.83	22.39	0.3497
Q9ULD0	4	13.74	33.34	0.0070
Q9ULD5	114	29.75	35.86	0.0010
Q9ULD8	177	47.50	52.78	0.0010
Q9ULE3	6	17.63	25.34	0.0380
Q9ULH4	6	10.88	28.74	0.0010
Q9ULI0	36	26.91	36.72	0.0010
Q9ULI2	20	18.05	25.55	0.0010
Q9ULK0	21	24.64	59.87	0.0010
Q9ULK6	16	17.94	19.85	0.1738
Q9ULL4	93	42.09	61.43	0.0010
Q9ULP0	3	8.90	15.85	0.0370
Q9ULQ0	1	0.00	0.00	0.0010
Q9ULQ1	31	28.18	41.99	0.0010
Q9ULS6	26	31.16	40.03	0.0010
Q9ULT0	7	6.49	44.90	0.0010
Q9ULV0	6	6.22	80.42	0.0010
Q9ULV4	17	19.73	25.01	0.0030
Q9ULW2	26	36.46	40.26	0.1299
Q9ULW6	2	6.24	18.36	0.0669
Q9ULX9	61	39.48	39.10	0.6064
Q9ULZ1	7	5.76	12.64	0.0010
Q9ULZ9	7	17.55	27.60	0.0080
Q9UM00	15	10.34	26.78	0.0010
Q9UM19	17	15.34	22.81	0.0010
Q9UMQ6	1	0.00	0.00	0.0010
Q9UMR3	12	15.80	21.54	0.0030
Q9UMW8	7	14.49	23.85	0.0040
Q9UMX5	5	6.37	14.03	0.0010
Q9UN37	27	19.43	31.43	0.0010
Q9UN42	2	6.28	15.80	0.1019
Q9UN66	1	0.00	0.00	0.0010
Q9UN67	5	14.83	77.44	0.0010
Q9UN70	32	83.33	94.09	0.0929
Q9UN71	17	113.84	91.67	0.9930
Q9UN72	8	45.55	85.16	0.0120
Q9UN73	7	6.33	83.56	0.0010
Q9UN74	4	42.04	71.30	0.1329
Q9UNA0	4	11.39	34.49	0.0040
Q9UNE2	2	2.70	13.83	0.0180
Q9UNF1	45	27.37	31.03	0.0060
Q9UNW8	1	0.00	0.00	0.0010
Q9UNW9	74	17.68	21.52	0.0010
Q9UNX3	7	5.87	19.88	0.0010
Q9UNX4	1	0.00	0.00	0.0010
Q9UNX9	15	26.09	36.98	0.0070
Q9UNY4	4	4.95	30.41	0.0010
Q9UP38	60	44.45	42.64	0.8072
Q9UP52	32	26.41	32.52	0.0010
Q9UP79	3	3.26	30.87	0.0010
Q9UPC5	39	21.06	27.46	0.0010
Q9UPE1	37	20.92	33.55	0.0010
Q9UPG8	18	19.35	30.18	0.0010
Q9UPM6	55	18.60	24.38	0.0010
Q9UPM8	1	0.00	0.00	0.0010
Q9UPR6	9	8.00	26.02	0.0010
Q9UPT5	13	25.21	48.07	0.0010
Q9UPT9	109	45.13	47.43	0.0789
Q9UPU3	2	29.08	27.17	0.6164
Q9UPW8	285	57.93	71.93	0.0010
Q9UPX0	68	37.57	71.45	0.0010
Q9UPY5	3	6.41	19.57	0.0010
Q9UQ05	39	38.39	48.94	0.0010
Q9UQ07	2	4.87	13.65	0.0430
Q9UQ10	8	6.64	22.24	0.0010
Q9UQ13	44	23.53	36.30	0.0010
Q9UQ88	5	19.09	21.77	0.2567
Q9UQB3	41	26.48	35.95	0.0010
Q9UQL6	79	17.16	26.44	0.0010
Q9Y216	2	3.83	18.21	0.0210
Q9Y219	89	32.44	77.85	0.0010
Q9Y239	2	12.70	20.03	0.2228
Q9Y240	38	28.64	25.37	0.9510
Q9Y257	36	22.53	28.51	0.0010
Q9Y264	2	2.69	27.62	0.0070
Q9Y272	25	17.96	19.66	0.0729
Q9Y276	8	11.09	34.24	0.0010
Q9Y278	62	19.90	24.32	0.0010
Q9Y295	17	17.61	29.24	0.0010
Q9Y2A9	11	17.97	23.63	0.0150
Q9Y2C2	8	14.63	21.70	0.0050
Q9Y2C3	2	8.98	11.87	0.3017
Q9Y2C5	1	0.00	0.00	0.0010
Q9Y2D0	2	11.57	11.52	0.4945
Q9Y2D2	9	15.79	23.52	0.0040
Q9Y2D4	5	10.06	26.34	0.0010
Q9Y2D9	17	21.76	33.80	0.0010
Q9Y2E4	49	24.39	31.18	0.0010
Q9Y2E6	7	10.65	23.78	0.0010
Q9Y2E8	5	11.08	22.86	0.0020
Q9Y2G3	17	17.51	45.57	0.0010
Q9Y2H1	33	32.88	32.28	0.6134
Q9Y2J0	6	10.62	22.35	0.0010
Q9Y2K9	13	24.48	43.20	0.0010
Q9Y2L8	7	6.97	35.50	0.0010
Q9Y2N7	16	25.66	31.96	0.0440
Q9Y2P0	1	0.00	0.00	0.0010
Q9Y2P8	6	13.45	22.60	0.0060
Q9Y2T2	4	4.31	25.88	0.0010
Q9Y2T4	114	23.51	31.29	0.0010
Q9Y2U2	4	17.81	21.89	0.2438
Q9Y2U5	37	25.40	29.06	0.0030
Q9Y2X3	13	34.84	47.19	0.0370
Q9Y2X7	57	21.82	27.49	0.0010
Q9Y2X8	11	13.51	18.50	0.0020
Q9Y2Y1	1	0.00	0.00	0.0010
Q9Y2Y9	23	13.69	23.81	0.0010
Q9Y2Z2	1	0.00	0.00	0.0010
Q9Y2Z9	2	3.11	15.83	0.0170
Q9Y315	4	9.09	17.48	0.0070
Q9Y366	1	0.00	0.00	0.0010
Q9Y371	7	14.67	32.93	0.0010
Q9Y385	2	4.96	9.97	0.1059
Q9Y397	47	17.27	29.25	0.0010
Q9Y3A2	2	16.54	26.52	0.2987
Q9Y3B3	3	5.88	12.08	0.0360
Q9Y3C5	2	2.28	7.82	0.0040
Q9Y3D0	5	4.92	18.90	0.0010
Q9Y3F4	11	19.40	29.68	0.0060
Q9Y3I0	17	14.87	26.32	0.0010
Q9Y3L5	35	15.11	19.11	0.0010
Q9Y446	39	23.77	35.24	0.0010
Q9Y458	2	6.48	11.90	0.1489
Q9Y463	75	19.09	28.17	0.0010
Q9Y484	44	16.53	26.12	0.0010
Q9Y487	4	6.91	43.17	0.0010
Q9Y496	20	19.54	26.97	0.0010
Q9Y4A5	509	70.88	77.81	0.0010
Q9Y4B4	107	24.21	36.78	0.0010
Q9Y4C4	5	35.77	34.24	0.5614
Q9Y4D7	219	33.90	58.09	0.0010
Q9Y4G6	6	38.20	49.90	0.0829
Q9Y4G8	42	30.27	41.60	0.0010
Q9Y4I1	19	29.02	93.93	0.0010
Q9Y4K3	31	13.02	24.43	0.0010
Q9Y4K4	18	13.79	27.90	0.0010
Q9Y4P8	17	21.35	25.89	0.0250
Q9Y508	16	12.51	27.17	0.0010
Q9Y534	4	8.81	13.13	0.0569
Q9Y543	19	19.79	19.64	0.5285
Q9Y561	7	23.49	31.77	0.0959
Q9Y573	2	11.46	11.85	0.4615
Q9Y576	4	6.72	21.49	0.0010
Q9Y586	103	26.47	28.02	0.0160
Q9Y587	1	0.00	0.00	0.0010
Q9Y5A9	34	22.77	21.88	0.7552
Q9Y5B8	3	4.03	18.96	0.0010
Q9Y5E2	1	0.00	0.00	0.0010
Q9Y5E3	3	22.64	65.17	0.0789
Q9Y5E4	3	7.99	64.57	0.0030
Q9Y5E5	1	0.00	0.00	0.0010
Q9Y5E6	2	8.56	48.73	0.0789
Q9Y5E7	3	104.12	65.82	0.9171
Q9Y5E9	2	69.48	48.59	0.7223
Q9Y5F2	2	2.59	49.24	0.0030
Q9Y5F3	10	22.14	86.31	0.0010
Q9Y5F7	18	59.01	92.20	0.0080
Q9Y5F8	18	105.09	92.11	0.9031
Q9Y5F9	11	78.04	88.05	0.2188
Q9Y5G2	6	76.03	80.95	0.3736
Q9Y5G3	9	121.67	86.39	0.9970
Q9Y5G4	9	23.77	87.42	0.0010
Q9Y5G5	5	6.62	77.58	0.0010
Q9Y5G6	1	0.00	0.00	0.0010
Q9Y5G7	3	3.78	65.01	0.0010
Q9Y5G8	4	5.14	73.50	0.0010
Q9Y5G9	11	120.86	89.13	0.9980
Q9Y5H0	2	2.83	48.55	0.0060
Q9Y5H2	11	49.06	89.62	0.0030
Q9Y5H3	3	114.27	63.80	0.9790
Q9Y5H5	8	86.95	85.10	0.5205
Q9Y5H6	15	34.45	90.75	0.0010
Q9Y5H7	6	55.92	81.80	0.0949
Q9Y5H8	2	99.92	50.15	0.8991
Q9Y5H9	10	91.36	88.11	0.5794
Q9Y5I0	16	86.47	91.60	0.2977
Q9Y5I1	6	106.69	82.74	0.9081
Q9Y5I2	2	2.90	48.24	0.0040
Q9Y5I3	9	90.92	86.12	0.6084
Q9Y5I4	16	35.61	91.61	0.0010
Q9Y5J1	6	26.55	41.25	0.1299
Q9Y5K3	57	31.66	53.47	0.0010
Q9Y5L3	1	0.00	0.00	0.0010
Q9Y5L5	7	5.51	15.00	0.0010
Q9Y5N1	72	21.20	35.00	0.0010
Q9Y5Q8	7	9.39	24.30	0.0010
Q9Y5R2	49	28.49	32.63	0.0020
Q9Y5R4	1	0.00	0.00	0.0010
Q9Y5R8	3	9.54	13.22	0.1409
Q9Y5S1	15	21.15	44.50	0.0010
Q9Y5S8	14	29.86	36.91	0.0320
Q9Y5V0	1	0.00	0.00	0.0010
Q9Y5X9	4	4.67	25.17	0.0010
Q9Y5Y6	12	17.32	24.62	0.0010
Q9Y5Y9	1	0.00	0.00	0.0010
Q9Y5Z6	12	12.79	23.51	0.0010
Q9Y5Z7	85	16.96	24.86	0.0010
Q9Y603	1	0.00	0.00	0.0010
Q9Y614	2	7.50	14.35	0.1269
Q9Y625	3	28.62	28.45	0.5045
Q9Y644	34	13.15	23.75	0.0010
Q9Y661	24	11.95	24.21	0.0010
Q9Y662	33	17.44	24.01	0.0010
Q9Y672	4	10.88	23.55	0.0040
Q9Y678	12	42.19	45.15	0.2248
Q9Y693	1	0.00	0.00	0.0010
Q9Y6A4	28	18.67	20.75	0.0270
Q9Y6A9	1	0.00	0.00	0.0010
Q9Y6C5	2	41.16	24.65	0.8731
Q9Y6E7	2	3.23	12.75	0.0260
Q9Y6F9	114	31.27	32.41	0.1259
Q9Y6H8	28	25.06	30.17	0.0240
Q9Y6I4	20	25.85	32.71	0.0070
Q9Y6I7	1	0.00	0.00	0.0010
Q9Y6J8	1	0.00	0.00	0.0010
Q9Y6J9	4	15.40	37.76	0.0370
Q9Y6L7	2	3.01	18.78	0.0100
Q9Y6M0	5	5.49	18.34	0.0010
Q9Y6M1	5	14.82	18.89	0.0959
Q9Y6M5	50	22.38	34.99	0.0010
Q9Y6M7	14	19.39	33.10	0.0010
Q9Y6N1	1	0.00	0.00	0.0010
Q9Y6N7	6	54.28	61.36	0.3107
Q9Y6N8	2	2.57	34.73	0.0030
Q9Y6P5	6	13.31	23.91	0.0030
Q9Y6Q1	30	20.97	31.23	0.0010
Q9Y6Q5	3	24.54	23.91	0.5475
Q9Y6V7	14	14.69	28.54	0.0010
Q9Y6W3	6	5.01	22.46	0.0010
Q9Y6X6	4	10.76	30.52	0.0010
U3KPV4	49	20.67	23.28	0.0010
